Date;Time;Flagging;'U12_[V]';'IL2_[A]';'IL3_[A]';'Plt_U12';'Plt_U23';'Plt_U31';'Pst_UL1';'Pst_UL2';'Pst_UL3'
11.08.2021;11:20:00; ;411,704895;15,976254;13,516672; ; ; ;0,694505;0,731544;0,725043
11.08.2021;11:30:00; ;411,70108;16,68054;12,915464; ; ; ;0,678648;0,721481;0,715486
11.08.2021;11:40:00;X;411,255371;23,010517;18,265057; ; ; ;0,683976;0,73318;0,720413
11.08.2021;11:50:00; ;411,738281;20,379517;20,749748; ; ; ;0,680804;0,72943;0,710503
11.08.2021;12:00:00; ;410,564423;21,902815;11,588692; ; ; ;0,665837;0,700756;0,731691
11.08.2021;12:10:00; ;411,973846;29,516886;32,466873; ; ; ;0,683789;0,714516;0,702636
11.08.2021;12:20:00; ;412,416412;31,033587;26,798004; ; ; ;0,688411;0,739127;0,735837
11.08.2021;12:30:00; ;413,713348;17,63381;14,132123; ; ; ;0,676653;0,712714;0,725149
11.08.2021;12:40:00;X;412,512543;22,670347;11,449877; ; ; ;0,687867;0,718141;0,71602
11.08.2021;12:50:00; ;411,815277;13,890659;13,740756; ; ; ;0,677135;0,719244;0,706875
11.08.2021;13:00:00; ;411,283661;21,965088;15,800879; ; ; ;0,69148;0,723037;0,710055
11.08.2021;13:10:00; ;412,36673;11,605722;16,313751; ; ; ;0,678007;0,721894;0,721302
11.08.2021;13:20:00; ;413,111084;22,420887;19,588272; ; ; ;0,66722;0,697566;0,740651
11.08.2021;13:30:00; ;413,256897;26,414854;11,275177; ; ; ;0,648549;0,69045;0,719547
11.08.2021;13:40:00; ;413,65213;26,748985;10,928813; ; ; ;0,70277;0,674567;0,728071
11.08.2021;13:50:00; ;414,921783;21,847031;11,205419; ; ; ;0,693593;0,725372;0,71254
11.08.2021;14:00:00; ;415,041473;18,277124;8,500525;0,688826;0,723079;0,703275;0,678405;0,70913;0,703734
11.08.2021;14:10:00; ;415,242767;12,59215;12,322507; ; ; ;0,671455;0,750432;0,736293
11.08.2021;14:20:00; ;416,723663;21,759525;9,130576; ; ; ;0,694605;0,729527;0,718619
11.08.2021;14:30:00; ;417,152527;13,521602;12,782345; ; ; ;0,721543;0,698179;0,73561
11.08.2021;14:40:00; ;420,36142;19,91955;10,758386; ; ; ;0,221862;0,243321;0,235991
11.08.2021;14:50:00; ;420,744904;22,181414;10,18752; ; ; ;0,717403;0,728155;0,784453
11.08.2021;15:00:00; ;419,824341;15,744235;9,002081; ; ; ;0,714918;0,766477;0,786124
11.08.2021;15:10:00; ;420,266235;11,465123;12,251262; ; ; ;0,199257;0,210416;0,233357
11.08.2021;15:20:00; ;419,519592;20,618759;8,74696; ; ; ;0,714515;0,752772;0,778284
11.08.2021;15:30:00; ;419,901672;8,405368;11,283672; ; ; ;0,242768;0,178513;0,192998
11.08.2021;15:40:00; ;420,476227;10,809175;12,799989; ; ; ;0,18975;0,193837;0,197755
11.08.2021;15:50:00; ;419,601166;8,973125;19,099543; ; ; ;0,722845;0,761871;0,748257
11.08.2021;16:00:00; ;420,57785;12,393271;23,402334;0,625952;0,65213;0,640823;0,186047;0,18849;0,194084
11.08.2021;16:10:00; ;421,388824;11,805018;23,645283; ; ; ;0,229972;0,211165;0,218061
11.08.2021;16:20:00; ;417,908997;17,266655;24,956745; ; ; ;0,189698;0,194098;0,203889
11.08.2021;16:30:00; ;418,146393;8,666235;19,125875; ; ; ;0,734486;0,773327;0,747741
11.08.2021;16:40:00; ;417,734039;9,178694;23,102367; ; ; ;0,207039;0,214451;0,210106
11.08.2021;16:50:00; ;417,843658;9,298129;17,154705; ; ; ;0,178757;0,180833;0,182441
11.08.2021;17:00:00; ;418,099335;10,248849;10,488594; ; ; ;0,732751;0,774588;0,772107
11.08.2021;17:10:00; ;418,907684;11,558077;23,198248; ; ; ;0,1595;0,173111;0,171514
11.08.2021;17:20:00; ;419,54364;7,907515;14,635048; ; ; ;0,161046;0,173708;0,166034
11.08.2021;17:30:00; ;419,694031;10,603625;10,684354; ; ; ;0,09672;0,124998;0,149887
11.08.2021;17:40:00; ;419,574829;15,363647;27,158346; ; ; ;0,111729;0,145951;0,119378
11.08.2021;17:50:00; ;420,135101;10,714184;8,877934; ; ; ;0,088849;0,128196;0,103057
11.08.2021;18:00:00; ;420,80014;6,716918;17,642014;0,419003;0,43215;0,418355;0,081612;0,10595;0,085542
11.08.2021;18:10:00; ;419,997314;8,844522;31,402248; ; ; ;0,158466;0,160627;0,168775
11.08.2021;18:20:00; ;418,842194;8,773892;19,776619; ; ; ;0,174307;0,169269;0,173922
11.08.2021;18:30:00; ;417,667969;13,180451;16,119812; ; ; ;0,086738;0,091502;0,098746
11.08.2021;18:40:00; ;416,096832;15,311556;27,011227; ; ; ;0,730385;0,770681;0,791127
11.08.2021;18:50:00; ;416,396027;24,925184;42,718575; ; ; ;0,100357;0,121056;0,114949
11.08.2021;19:00:00; ;417,381409;14,637501;30,689978; ; ; ;0,098697;0,088749;0,095522
11.08.2021;19:10:00; ;420,921631;14,181601;31,605427; ; ; ;0,158402;0,151157;0,159626
11.08.2021;19:20:00; ;420,740387;23,022594;32,552761; ; ; ;0,079511;0,089221;0,084894
11.08.2021;19:30:00; ;420,77179;16,10955;22,419989; ; ; ;0,111206;0,106781;0,108176
11.08.2021;19:40:00; ;419,885132;22,376957;23,651615; ; ; ;0,165975;0,16214;0,167164
11.08.2021;19:50:00; ;420,475037;26,384649;31,984324; ; ; ;0,101084;0,098005;0,100552
11.08.2021;20:00:00; ;419,925171;27,230871;25,314476;0,324974;0,347983;0,336815;0,277535;0,125805;0,130716
11.08.2021;20:10:00; ;420,716705;32,186172;32,35273; ; ; ;0,110958;0,181916;0,094428
11.08.2021;20:20:00; ;420,298798;31,628422;36,660233; ; ; ;0,094162;0,095905;0,123166
11.08.2021;20:30:00; ;420,733765;30,948847;28,748152; ; ; ;0,127068;0,099897;0,120751
11.08.2021;20:40:00; ;420,06189;30,026043;24,601851; ; ; ;0,084631;0,099805;0,09864
11.08.2021;20:50:00; ;419,638489;31,425894;32,423103; ; ; ;0,160519;0,194169;0,135074
11.08.2021;21:00:00; ;420,47113;27,514183;24,26079; ; ; ;0,08266;0,085422;0,086422
11.08.2021;21:10:00; ;420,921478;31,280115;20,771631; ; ; ;0,101514;0,09873;0,107622
11.08.2021;21:20:00; ;420,854309;27,880547;22,887358; ; ; ;0,102863;0,088941;0,098731
11.08.2021;21:30:00; ;420,522095;24,626526;19,839855; ; ; ;0,072701;0,071965;0,071607
11.08.2021;21:40:00; ;421,393005;25,087357;19,366686; ; ; ;0,077644;0,079489;0,075828
11.08.2021;21:50:00; ;419,672363;22,594343;19,921865; ; ; ;0,144889;0,147108;0,149223
11.08.2021;22:00:00; ;418,973816;23,077175;21,040306;0,13622;0,111555;0,128487;0,099594;0,11283;0,099346
11.08.2021;22:10:00; ;412,208588;22,797319;24,049932; ; ; ;0,147257;0,14936;0,152993
11.08.2021;22:20:00; ;412,398895;17,806988;22,400923; ; ; ;0,101929;0,096552;0,107511
11.08.2021;22:30:00; ;412,492554;17,230053;20,891125; ; ; ;0,747584;0,791689;0,806612
11.08.2021;22:40:00; ;413,324249;17,460257;18,025705; ; ; ;0,114062;0,092005;0,099954
11.08.2021;22:50:00; ;414,131653;15,073976;13,503304; ; ; ;0,102588;0,105987;0,11087
11.08.2021;23:00:00; ;414,647644;16,115665;12,445803; ; ; ;0,097367;0,087175;0,090625
11.08.2021;23:10:00; ;413,458435;15,789472;13,820825; ; ; ;0,083864;0,077222;0,085509
11.08.2021;23:20:00; ;414,064911;15,979096;11,522285; ; ; ;0,081089;0,073456;0,087196
11.08.2021;23:30:00; ;415,496185;13,324116;13,795666; ; ; ;0,130298;0,126381;0,138801
11.08.2021;23:40:00; ;416,875671;14,397297;12,730022; ; ; ;0,110549;0,089584;0,093518
11.08.2021;23:50:00; ;417,330383;13,587687;11,274874; ; ; ;0,113742;0,083576;0,087048
12.08.2021;00:00:00; ;413,908722;14,97865;12,977107;0,324089;0,342622;0,333308;0,145798;0,138901;0,143342
12.08.2021;00:10:00; ;411,530975;14,059573;10,706231; ; ; ;0,094428;0,07607;0,080532
12.08.2021;00:20:00; ;412,317505;12,988358;10,614622; ; ; ;0,113443;0,119378;0,117929
12.08.2021;00:30:00; ;412,264526;13,234224;12,897149; ; ; ;0,100813;0,099887;0,100381
12.08.2021;00:40:00; ;412,90799;13,015806;10,637737; ; ; ;0,09227;0,088838;0,090408
12.08.2021;00:50:00; ;413,205078;13,687558;10,845063; ; ; ;0,102911;0,095909;0,099865
12.08.2021;01:00:00; ;413,871124;14,375485;13,791444; ; ; ;0,118258;0,117044;0,114602
12.08.2021;01:10:00; ;414,251251;11,920372;10,944971; ; ; ;0,11027;0,101092;0,096394
12.08.2021;01:20:00; ;414,575348;12,556215;11,222083; ; ; ;0,097553;0,090944;0,091173
12.08.2021;01:30:00; ;414,995636;12,335915;11,756543; ; ; ;0,07594;0,067302;0,07019
12.08.2021;01:40:00; ;415,509247;12,923556;11,4451; ; ; ;0,084651;0,084208;0,081842
12.08.2021;01:50:00; ;416,113495;13,400036;10,765178; ; ; ;0,123726;0,143933;0,124792
12.08.2021;02:00:00; ;415,533325;11,887093;11,801817;0,101734;0,10302;0,100049;0,097439;0,098058;0,094057
12.08.2021;02:10:00; ;416,058502;14,282434;12,788143; ; ; ;0,085302;0,107181;0,085485
12.08.2021;02:20:00; ;415,968689;14,276804;10,075603; ; ; ;0,760547;0,774897;0,823701
12.08.2021;02:30:00; ;415,831604;15,984176;10,47946; ; ; ;0,118505;0,127642;0,107809
12.08.2021;02:40:00; ;415,502838;17,006756;10,540604; ; ; ;0,121885;0,127616;0,136261
12.08.2021;02:50:00; ;415,649292;16,517628;10,771471; ; ; ;0,10048;0,103691;0,104838
12.08.2021;03:00:00; ;415,517578;14,424425;10,94611; ; ; ;0,080101;0,073552;0,075251
12.08.2021;03:10:00; ;415,247162;15,251304;14,54388; ; ; ;0,085874;0,091453;0,080978
12.08.2021;03:20:00; ;414,565338;15,915942;11,073525; ; ; ;0,134742;0,140807;0,132898
12.08.2021;03:30:00; ;415,083923;15,614595;10,586772; ; ; ;0,097933;0,098716;0,094757
12.08.2021;03:40:00; ;415,540283;15,847538;10,837718; ; ; ;0,090343;0,090815;0,094244
12.08.2021;03:50:00; ;415,68692;16,077995;14,157638; ; ; ;0,238425;0,110597;0,093866
12.08.2021;04:00:00; ;415,572327;15,338636;10,894445;0,334214;0,353384;0,357285;0,098787;0,100228;0,095983
12.08.2021;04:10:00; ;415,505829;14,698409;10,910741; ; ; ;0,149485;0,135637;0,142677
12.08.2021;04:20:00; ;415,617523;17,037884;11,464744; ; ; ;0,128244;0,126668;0,121487
12.08.2021;04:30:00; ;415,62442;18,175596;10,99152; ; ; ;0,084283;0,077554;0,079569
12.08.2021;04:40:00; ;415,148743;13,291402;10,732267; ; ; ;0,089562;0,084283;0,085566
12.08.2021;04:50:00; ;416,289673;13,882006;14,084955; ; ; ;0,103548;0,080303;0,08535
12.08.2021;05:00:00; ;416,689362;17,125053;9,864395; ; ; ;0,086007;0,083042;0,079365
12.08.2021;05:10:00; ;416,132935;14,242787;9,354703; ; ; ;0,26093;0,103751;0,104694
12.08.2021;05:20:00; ;416,00592;14,850114;13,937747; ; ; ;0,077256;0,070871;0,070855
12.08.2021;05:30:00; ;415,842041;23,551928;10,547654; ; ; ;0,075611;0,071899;0,071769
12.08.2021;05:40:00; ;415,838806;22,536358;13,434373; ; ; ;0,086739;0,07815;0,086057
12.08.2021;05:50:00; ;414,45874;14,88853;9,395776; ; ; ;0,339399;0,341945;0,361514
12.08.2021;06:00:00; ;411,722473;15,961287;10,937917;0,162298;0,163177;0,179093;0,747417;0,767505;0,816958
12.08.2021;06:10:00; ;412,758759;13,502297;11,904879; ; ; ;0,182815;0,179602;0,179792
12.08.2021;06:20:00; ;411,584229;11,522611;14,768829; ; ; ;0,739998;0,759663;0,747123
12.08.2021;06:30:00; ;411,956299;12,562213;9,58964; ; ; ;0,705507;0,756572;0,750417
12.08.2021;06:40:00; ;410,442291;15,950138;9,360553; ; ; ;0,695177;0,732977;0,753034
12.08.2021;06:50:00; ;413,406647;12,106812;10,66358; ; ; ;0,687566;0,718204;0,757611
12.08.2021;07:00:00; ;412,005524;11,766967;12,354509; ; ; ;0,705457;0,737573;0,73178
12.08.2021;07:10:00; ;412,930786;16,199356;14,915035; ; ; ;0,680842;0,717582;0,749441
12.08.2021;07:20:00; ;414,425842;11,567615;10,745606; ; ; ;0,714321;0,685896;0,715282
12.08.2021;07:30:00; ;412,65918;18,384682;9,117738; ; ; ;0,692993;0,71882;0,711475
12.08.2021;07:40:00; ;411,578979;18,009434;8,994699; ; ; ;0,690088;0,724166;0,712569
12.08.2021;07:50:00; ;410,681366;14,913015;6,42244; ; ; ;0,670355;0,703915;0,736967
12.08.2021;08:00:00; ;409,472778;11,219644;14,50298;0,694881;0,722132;0,706808;0,68919;0,720744;0,713452
12.08.2021;08:10:00; ;409,91983;15,365105;20,057869; ; ; ;0,683048;0,713801;0,714163
12.08.2021;08:20:00; ;410,012756;13,179162;16,68667; ; ; ;0,704088;0,710438;0,698252
12.08.2021;08:30:00; ;410,726044;18,414795;8,218465; ; ; ;0,69707;0,728029;0,71162
12.08.2021;08:40:00; ;410,337921;13,046396;7,048428; ; ; ;0,688759;0,719897;0,751344
12.08.2021;08:50:00; ;409,542206;10,946712;6,947433; ; ; ;1,129499;1,134438;1,160446
12.08.2021;09:00:00; ;410,767242;4,581102;8,933859; ; ; ;0,683331;0,713882;0,707782
12.08.2021;09:10:00; ;410,691467;5,540303;10,225623; ; ; ;0,717751;0,687918;0,711337
12.08.2021;09:20:00; ;410,002472;7,394627;10,851997; ; ; ;0,683529;0,726545;0,702029
12.08.2021;09:30:00; ;409,714935;10,329288;6,731966; ; ; ;0,69493;0,72782;0,707097
12.08.2021;09:40:00; ;412,111908;17,528114;17,399803; ; ; ;0,678566;0,714901;0,696965
12.08.2021;09:50:00; ;411,715393;16,803228;25,743237; ; ; ;0,66808;0,697524;0,729018
12.08.2021;10:00:00; ;413,05304;13,842664;17,867998;0,754479;0,77746;0,772115;0,666824;0,696896;0,73408
12.08.2021;10:10:00; ;414,484467;16,049421;9,572613; ; ; ;0,652475;0,682607;0,712899
12.08.2021;10:20:00; ;414,326263;14,496162;10,160418; ; ; ;0,658249;0,67656;0,725106
12.08.2021;10:30:00; ;413,201843;12,53358;8,381086; ; ; ;0,665009;0,695021;0,726096
12.08.2021;10:40:00; ;411,987854;14,559013;9,782219; ; ; ;0,673625;0,685947;0,735637
12.08.2021;10:50:00; ;412,453918;18,758904;13,367109; ; ; ;0,675795;0,72345;0,705654
12.08.2021;11:00:00; ;411,729553;11,132961;8,597406; ; ; ;0,158262;0,153867;0,15892
12.08.2021;11:10:00; ;412,156982;20,442217;15,209721; ; ; ;0,672132;0,714043;0,702439
12.08.2021;11:20:00; ;411,783997;22,338434;15,836145; ; ; ;0,694244;0,724567;0,717684
12.08.2021;11:30:00; ;411,495239;23,497766;16,23929; ; ; ;0,692093;0,685287;0,734382
12.08.2021;11:40:00; ;410,390594;14,380516;8,987709; ; ; ;0,681434;0,717426;0,704408
12.08.2021;11:50:00; ;410,578552;25,149035;16,984581; ; ; ;0,679873;0,715504;0,703543
12.08.2021;12:00:00; ;411,205505;18,730043;13,780356;0,664182;0,694774;0,682656;0,683574;0,714627;0,707636
12.08.2021;12:10:00; ;412,219635;22,254589;15,12974; ; ; ;0,693666;0,731833;0,722719
12.08.2021;12:20:00; ;412,440704;13,21141;11,956388; ; ; ;0,664376;0,700761;0,701615
12.08.2021;12:30:00; ;412,536621;18,428247;27,290426; ; ; ;0,667753;0,710742;0,705051
12.08.2021;12:40:00; ;411,907715;14,09656;38,886589; ; ; ;0,681701;0,712917;0,706283
12.08.2021;12:50:00; ;413,000854;26,044411;40,439278; ; ; ;0,712544;0,695615;0,714224
12.08.2021;13:00:00; ;413,081146;20,408957;9,371815; ; ; ;0,672724;0,709354;0,702924
12.08.2021;13:10:00; ;412,327545;22,337347;18,302103; ; ; ;0,685246;0,709879;0,709247
12.08.2021;13:20:00; ;412,476563;26,896929;23,630974; ; ; ;0,684487;0,703576;0,745917
12.08.2021;13:30:00; ;413,30246;27,933865;13,586104; ; ; ;0,690327;0,722338;0,702639
12.08.2021;13:40:00; ;412,948761;32,203114;11,241894; ; ; ;0,681755;0,72631;0,731037
12.08.2021;13:50:00; ;413,153046;23,615368;24,191277; ; ; ;0,70712;0,725419;0,713292
12.08.2021;14:00:00; ;413,729462;16,819054;16,824184;0,696508;0,716587;0,700678;0,681183;0,718235;0,713382
12.08.2021;14:10:00; ;414,932007;26,689028;9,381126; ; ; ;0,674959;0,721239;0,696458
12.08.2021;14:20:00; ;415,305359;22,443871;10,098652; ; ; ;0,682937;0,714547;0,714793
12.08.2021;14:30:00; ;415,196899;23,48073;11,5495; ; ; ;0,713567;0,690442;0,727642
12.08.2021;14:40:00; ;416,487122;26,224081;9,305283; ; ; ;0,184479;0,267923;0,189022
12.08.2021;14:50:00; ;416,537628;26,419849;9,952764; ; ; ;0,695409;0,763631;0,757569
12.08.2021;15:00:00; ;417,218048;19,75909;11,652049; ; ; ;0,693797;0,74455;0,738329
12.08.2021;15:10:00; ;420,038025;18,869925;10,598957; ; ; ;0,159442;0,163711;0,161892
12.08.2021;15:20:00; ;418,81424;26,826591;9,416794; ; ; ;0,703174;0,743553;0,76711
12.08.2021;15:30:00; ;418,792236;18,61887;9,631834; ; ; ;0,196089;0,202093;0,194854
12.08.2021;15:40:00; ;419,152527;19,074053;9,314833; ; ; ;0,710366;0,749083;0,768318
12.08.2021;15:50:00; ;419,276886;19,135418;10,258055; ; ; ;0,206564;0,219672;0,212258
12.08.2021;16:00:00; ;419,71405;18,356663;12,877536;0,619109;0,649863;0,630348;0,213347;0,228232;0,223243
12.08.2021;16:10:00; ;419,21283;19,845339;14,535603; ; ; ;0,709954;0,754712;0,774497
12.08.2021;16:20:00; ;418,953491;12,356633;22,391937; ; ; ;0,150754;0,159752;0,158049
12.08.2021;16:30:00; ;419,172241;10,273637;30,554199; ; ; ;0,188273;0,19827;0,193686
12.08.2021;16:40:00; ;418,836517;10,935047;21,412336; ; ; ;0,201581;0,220191;0,238039
12.08.2021;16:50:00; ;419,956879;7,855014;11,199046; ; ; ;0,732711;0,773707;0,774341
12.08.2021;17:00:00; ;417,994965;10,791537;14,286; ; ; ;0,205454;0,216619;0,199189
12.08.2021;17:10:00; ;419,570496;7,957131;16,102695; ; ; ;0,13949;0,148748;0,150195
12.08.2021;17:20:00; ;419,721649;8,447109;22,286087; ; ; ;0,729812;0,78247;0,763789
12.08.2021;17:30:00; ;419,724335;8,291571;12,605042; ; ; ;0,099165;0,102061;0,105904
12.08.2021;17:40:00; ;419,9216;20,968845;19,969339; ; ; ;0,121215;0,126204;0,138638
12.08.2021;17:50:00; ;420,332794;9,561361;19,192837; ; ; ;0,094001;0,108161;0,106359
12.08.2021;18:00:00; ;420,541931;5,995909;22,625639;0,473106;0,499007;0,476702;0,132946;0,1417;0,144286
12.08.2021;18:10:00; ;420,67807;7,553258;23,217424; ; ; ;0,216795;0,216105;0,216037
12.08.2021;18:20:00; ;419,736023;17,653736;25,831656; ; ; ;0,086043;0,096956;0,10623
12.08.2021;18:30:00; ;419,794525;15,234878;22,339182; ; ; ;0,109353;0,109614;0,103879
12.08.2021;18:40:00; ;419,515961;21,005198;26,009569; ; ; ;0,090997;0,101196;0,091274
12.08.2021;18:50:00; ;418,930359;15,084465;23,216558; ; ; ;0,089875;0,10453;0,096813
12.08.2021;19:00:00; ;418,608063;14,413549;22,611349; ; ; ;0,095388;0,09982;0,110824
12.08.2021;19:10:00; ;418,413391;20,430103;26,346609; ; ; ;0,070119;0,097137;0,077535
12.08.2021;19:20:00; ;418,382538;25,237352;36,378983; ; ; ;0,111898;0,115582;0,105235
12.08.2021;19:30:00; ;418,414886;22,413877;31,854568; ; ; ;0,092734;0,094035;0,098173
12.08.2021;19:40:00; ;418,509277;23,078447;35,245094; ; ; ;0,084926;0,092593;0,089142
12.08.2021;19:50:00; ;418,419281;23,70612;37,746658; ; ; ;0,098876;0,102142;0,101851
12.08.2021;20:00:00; ;418,194336;20,488831;28,345041;0,120845;0,122655;0,121633;0,096421;0,099546;0,101411
12.08.2021;20:10:00; ;418,151215;34,207478;27,510822; ; ; ;0,112338;0,119129;0,112068
12.08.2021;20:20:00; ;418,075073;37,507797;29,304808; ; ; ;0,113285;0,110627;0,121546
12.08.2021;20:30:00; ;418,226227;31,442688;38,947102; ; ; ;0,079735;0,081602;0,094069
12.08.2021;20:40:00; ;417,951935;34,961754;27,978977; ; ; ;0,083642;0,08349;0,09638
12.08.2021;20:50:00; ;417,871033;34,610447;31,787981; ; ; ;0,763603;0,763559;0,813109
12.08.2021;21:00:00; ;418,675537;30,039951;30,34066; ; ; ;0,084382;0,081201;0,093394
12.08.2021;21:10:00; ;419,388702;28,349442;35,014153; ; ; ;0,09356;0,087776;0,106472
12.08.2021;21:20:00; ;420,223785;28,414768;31,725368; ; ; ;0,091784;0,088206;0,10455
12.08.2021;21:30:00; ;420,869873;25,629057;37,584789; ; ; ;0,083299;0,081392;0,078903
12.08.2021;21:40:00; ;419,531433;23,064589;42,967445; ; ; ;0,153964;0,161294;0,156407
12.08.2021;21:50:00; ;418,645691;24,506527;31,432409; ; ; ;0,089503;0,094899;0,09898
12.08.2021;22:00:00; ;419,808289;20,803434;26,901123;0,330421;0,346977;0,357754;0,091113;0,091862;0,092613
12.08.2021;22:10:00; ;414,203766;24,899796;31,369671; ; ; ;0,165427;0,173495;0,147667
12.08.2021;22:20:00; ;414,421967;21,237606;29,50676; ; ; ;0,107563;0,111806;0,108623
12.08.2021;22:30:00; ;413,413361;28,286575;21,615541; ; ; ;0,114325;0,106857;0,119639
12.08.2021;22:40:00; ;413,958527;36,572746;18,045473; ; ; ;0,096409;0,096237;0,091629
12.08.2021;22:50:00; ;414,332001;24,427227;15,973146; ; ; ;0,102667;0,09806;0,105536
12.08.2021;23:00:00; ;414,924713;19,645525;14,390608; ; ; ;0,102954;0,095518;0,118707
12.08.2021;23:10:00; ;413,15155;17,912823;11,657683; ; ; ;0,181036;0,171199;0,201469
12.08.2021;23:20:00; ;413,743866;17,015932;12,919249; ; ; ;0,141997;0,139398;0,141176
12.08.2021;23:30:00; ;414,741394;15,443846;12,363906; ; ; ;0,103231;0,105881;0,1056
12.08.2021;23:40:00; ;415,656586;15,14223;12,450992; ; ; ;0,099929;0,084936;0,092258
12.08.2021;23:50:00; ;416,657318;15,824921;12,168456; ; ; ;0,0929;0,081654;0,085576
13.08.2021;00:00:00; ;416,937592;15,108068;12,372011;0,123203;0,123748;0,122922;0,122088;0,130261;0,120699
13.08.2021;00:10:00; ;416,388611;13,482923;10,526276; ; ; ;0,094064;0,081155;0,088614
13.08.2021;00:20:00; ;416,714172;18,027252;11,806164; ; ; ;0,761743;0,810197;0,802605
13.08.2021;00:30:00; ;416,358765;21,611969;10,692083; ; ; ;0,206537;0,191169;0,20329
13.08.2021;00:40:00; ;414,488983;19,940502;12,290374; ; ; ;0,092061;0,080218;0,088064
13.08.2021;00:50:00; ;415,28302;13,974724;11,722466; ; ; ;0,128708;0,131732;0,126371
13.08.2021;01:00:00; ;415,761719;11,696096;12,251156; ; ; ;0,100845;0,092631;0,096492
13.08.2021;01:10:00; ;415,08078;12,868257;10,532418; ; ; ;0,081986;0,073498;0,076945
13.08.2021;01:20:00; ;415,681671;13,830773;10,570151; ; ; ;0,116172;0,113851;0,118164
13.08.2021;01:30:00; ;416,177277;13,748047;11,419161; ; ; ;0,104327;0,106562;0,100276
13.08.2021;01:40:00; ;416,303772;14,050965;9,548536; ; ; ;0,098087;0,098157;0,100167
13.08.2021;01:50:00;X;416,785553;13,06283;11,824028; ; ; ;0,838995;5,594818;3,337495
13.08.2021;02:00:00;X;414,927673;12,216022;9,95317;1,026568;2,680806;0,424814;0,643642;3,450816;2,069273
13.08.2021;02:10:00; ;412,880981;14,523971;9,682671; ; ; ;0,08511;0,074182;0,078304
13.08.2021;02:20:00; ;413,311615;12,270329;9,748131; ; ; ;0,107809;0,113268;0,110748
13.08.2021;02:30:00; ;413,20755;12,499986;12,807928; ; ; ;0,091535;0,07954;0,081307
13.08.2021;02:40:00; ;413,419617;12,822248;10,375862; ; ; ;0,100715;0,092343;0,09774
13.08.2021;02:50:00; ;413,285004;13,489404;9,130184; ; ; ;0,096933;0,088342;0,102797
13.08.2021;03:00:00; ;413,157806;14,239211;9,420669; ; ; ;0,109903;0,10133;0,101201
13.08.2021;03:10:00; ;413,340454;13,305488;12,526308; ; ; ;0,135182;0,122923;0,134257
13.08.2021;03:20:00; ;413,205627;11,996657;10,718263; ; ; ;0,103909;0,093899;0,101049
13.08.2021;03:30:00; ;413,607971;13,228549;9,613307; ; ; ;0,087164;0,075867;0,080475
13.08.2021;03:40:00;X;413,541046;12,557077;9,084701; ; ; ;0,757368;3,451504;2,069289
13.08.2021;03:50:00; ;413,624481;12,56698;9,115088; ; ; ;0,112933;0,110003;0,113707
13.08.2021;04:00:00;X;412,886139;11,251882;9,445554;0,829789;2,096699;0,303517;0,752835;0,812955;0,792071
13.08.2021;04:10:00; ;412,445862;11,567271;9,37925; ; ; ;0,122863;0,118486;0,111333
13.08.2021;04:20:00; ;411,876831;11,205989;10,773868; ; ; ;0,078168;0,071008;0,070612
13.08.2021;04:30:00; ;412,163727;12,078317;13,676598; ; ; ;0,078237;0,073617;0,070054
13.08.2021;04:40:00; ;411,910889;12,850179;9,217306; ; ; ;0,118091;0,119459;0,115953
13.08.2021;04:50:00; ;412,264587;12,139559;8,744788; ; ; ;0,132744;0,12225;0,126843
13.08.2021;05:00:00; ;412,126434;16,514971;9,365478; ; ; ;0,101482;0,101995;0,099301
13.08.2021;05:10:00; ;412,256958;13,232656;10,21022; ; ; ;0,077297;0,083088;0,101547
13.08.2021;05:20:00; ;412,153931;11,077617;9,592166; ; ; ;0,121709;0,158819;0,111589
13.08.2021;05:30:00; ;411,990662;13,321346;12,177223; ; ; ;0,096378;0,098323;0,095774
13.08.2021;05:40:00;X;411,268738;14,033436;13,012026; ; ; ;4,128279;1,010091;1,144669
13.08.2021;05:50:00; ;410,762268;15,145937;11,313357; ; ; ;0,09765;0,09256;0,098596
13.08.2021;06:00:00;X;409,179749;13,128811;10,308702;1,324049;0,360131;1,396389;0,210209;0,193605;0,213544
13.08.2021;06:10:00; ;411,498108;12,58185;16,111057; ; ; ;0,743907;0,776445;0,777343
13.08.2021;06:20:00; ;413,024628;14,397596;15,084427; ; ; ;0,719335;0,765294;0,765211
13.08.2021;06:30:00; ;411,24173;14,211052;17,561852; ; ; ;0,157964;0,158675;0,161326
13.08.2021;06:40:00; ;411,12674;17,932781;15,096154; ; ; ;0,729247;0,710712;0,762111
13.08.2021;06:50:00; ;410,577637;10,843493;15,41358; ; ; ;0,699517;0,70586;0,763986
13.08.2021;07:00:00; ;412,173401;20,472813;18,817923; ; ; ;0,702593;0,739255;0,733533
13.08.2021;07:10:00; ;413,657288;22,647038;20,576509; ; ; ;0,684476;0,715499;0,753576
13.08.2021;07:20:00; ;412,737396;20,433924;22,156023; ; ; ;0,696041;0,714571;0,758378
13.08.2021;07:30:00; ;411,158325;14,839312;13,398368; ; ; ;0,681071;0,717782;0,742709
13.08.2021;07:40:00; ;411,145325;14,112907;7,430215; ; ; ;0,722072;0,692403;0,747166
13.08.2021;07:50:00; ;413,033966;16,179209;13,705156; ; ; ;0,715039;0,691676;0,71545
13.08.2021;08:00:00; ;411,657501;9,230219;7,774565;0,668359;0,70006;0,69264;0,675258;0,705277;0,742912
13.08.2021;08:10:00; ;410,87912;16,369799;7,195693; ; ; ;1,142151;1,15236;1,182973
13.08.2021;08:20:00; ;410,716095;17,873489;9,88032; ; ; ;0,677941;0,712434;0,719524
13.08.2021;08:30:00; ;409,775604;18,456512;8,396296; ; ; ;0,69041;0,696166;0,745905
13.08.2021;08:40:00; ;410,273315;17,32436;6,635282; ; ; ;0,686141;0,723334;0,716608
13.08.2021;08:50:00; ;410,514923;17,077698;7,18782; ; ; ;0,694937;0,738602;0,732638
13.08.2021;09:00:00; ;410,426819;17,632051;6,597884; ; ; ;0,684907;0,721452;0,715279
13.08.2021;09:10:00; ;411,163818;11,890252;8,308903; ; ; ;0,685807;0,722932;0,735323
13.08.2021;09:20:00; ;410,023315;12,649204;5,953077; ; ; ;0,683074;0,714214;0,713872
13.08.2021;09:30:00; ;410,106934;10,23493;8,676517; ; ; ;0,689053;0,733377;0,720385
13.08.2021;09:40:00; ;409,917175;14,876424;8,200542; ; ; ;0,698012;0,722642;0,713736
13.08.2021;09:50:00; ;410,769623;14,662507;8,926724; ; ; ;0,69523;0,726839;0,708055
13.08.2021;10:00:00; ;411,544098;8,396187;13,703752;0,755749;0,781989;0,771575;0,679908;0,721822;0,709971
13.08.2021;10:10:00; ;412,654968;13,864426;13,723949; ; ; ;0,69202;0,723239;0,704683
13.08.2021;10:20:00; ;412,619324;11,287672;10,478804; ; ; ;0,689866;0,726539;0,707753
13.08.2021;10:30:00; ;412,254517;8,130243;13,787334; ; ; ;0,682349;0,717645;0,698476
13.08.2021;10:40:00; ;411,167603;13,098904;9,365349; ; ; ;0,670189;0,710412;0,716304
13.08.2021;10:50:00; ;410,545746;13,581781;13,218392; ; ; ;0,665936;0,700259;0,724585
13.08.2021;11:00:00; ;410,41449;18,353765;13,089184; ; ; ;0,672929;0,691318;0,740122
13.08.2021;11:10:00; ;409,615875;9,005006;12,06495; ; ; ;0,670062;0,700961;0,725806
13.08.2021;11:20:00; ;410,160431;12,779808;13,109604; ; ; ;0,668208;0,69819;0,729045
13.08.2021;11:30:00; ;410,240509;10,997423;9,434347; ; ; ;0,668686;0,705087;0,725763
13.08.2021;11:40:00; ;410,002869;13,53366;17,272091; ; ; ;0,711377;0,74336;0,738894
13.08.2021;11:50:00; ;409,485016;15,294947;19,499887; ; ; ;0,684098;0,709122;0,751817
13.08.2021;12:00:00; ;409,417358;11,703543;9,605826;0,68709;0,721363;0,701592;0,792248;0,822902;0,81945
13.08.2021;12:10:00; ;409,872406;14,313076;8,125823; ; ; ;0,733984;0,763692;0,755262
13.08.2021;12:20:00; ;410,36676;16,196871;9,568789; ; ; ;0,669637;0,712858;0,701554
13.08.2021;12:30:00; ;409,995178;15,654729;16,191229; ; ; ;0,678389;0,702922;0,698213
13.08.2021;12:40:00; ;409,64212;16,589188;14,168136; ; ; ;0,687764;0,74008;0,72361
13.08.2021;12:50:00; ;409,559998;20,271326;9,146364; ; ; ;0,672077;0,720598;0,708814
13.08.2021;13:00:00; ;410,042999;18,384714;19,47543; ; ; ;0,700775;0,715984;0,724749
13.08.2021;13:10:00; ;409,412018;19,218;13,007691; ; ; ;0,681666;0,713201;0,700557
13.08.2021;13:20:00; ;408,931427;21,320446;9,456314; ; ; ;0,689285;0,720722;0,708848
13.08.2021;13:30:00; ;409,223877;26,846714;13,637866; ; ; ;0,696808;0,722683;0,717326
13.08.2021;13:40:00; ;409,736145;24,483023;10,76904; ; ; ;0,681113;0,720281;0,709742
13.08.2021;13:50:00; ;410,928345;21,356602;13,468884; ; ; ;0,676094;0,71376;0,705743
13.08.2021;14:00:00; ;411,678864;29,276525;13,875759;0,710775;0,73039;0,711776;0,6795;0,716521;0,705082
13.08.2021;14:10:00; ;410,394989;16,45093;13,564715; ; ; ;0,662791;0,69681;0,727142
13.08.2021;14:20:00; ;409,862976;16,705212;19,711483; ; ; ;0,670506;0,712405;0,725097
13.08.2021;14:30:00; ;409,899109;27,411474;12,836744; ; ; ;1,07805;1,147747;1,156565
13.08.2021;14:40:00; ;411,029114;32,464344;14,820033; ; ; ;0,198187;0,204325;0,231625
13.08.2021;14:50:00; ;412,286499;24,83993;11,22098; ; ; ;0,130774;0,154543;0,170739
13.08.2021;15:00:00; ;412,170776;25,207663;11,062605; ; ; ;0,142334;0,141437;0,184962
13.08.2021;15:10:00; ;412,598358;27,743855;9,925731; ; ; ;0,13635;0,186922;0,197806
13.08.2021;15:20:00; ;412,928925;18,311012;10,456013; ; ; ;0,113423;0,162139;0,193399
13.08.2021;15:30:00; ;412,413422;24,915331;9,516747; ; ; ;0,119917;0,129386;0,168886
13.08.2021;15:40:00; ;411,762512;25,833994;17,506845; ; ; ;0,136094;0,130083;0,13156
13.08.2021;15:50:00; ;412,047638;17,475418;30,543146; ; ; ;0,114156;0,162589;0,129403
13.08.2021;16:00:00; ;412,152954;10,489914;27,942774;0,579039;0,611225;0,585479;0,131846;0,159203;0,141767
13.08.2021;16:10:00; ;412,24353;14,927289;12,975812; ; ; ;0,112956;0,171044;0,134384
13.08.2021;16:20:00; ;412,622192;14,145203;13,661279; ; ; ;0,131566;0,133262;0,141108
13.08.2021;16:30:00; ;412,478271;17,252445;21,830605; ; ; ;0,143995;0,14854;0,145712
13.08.2021;16:40:00; ;412,609406;17,137014;16,796747; ; ; ;0,114415;0,121269;0,150019
13.08.2021;16:50:00; ;412,148621;26,940142;28,254848; ; ; ;0,119863;0,119377;0,144224
13.08.2021;17:00:00; ;413,379242;19,404173;29,894911; ; ; ;0,198208;0,198733;0,205356
13.08.2021;17:10:00; ;414,519806;20,902302;24,968054; ; ; ;0,199763;0,199325;0,208022
13.08.2021;17:20:00; ;413,842377;9,272398;21,385267; ; ; ;0,111859;0,120202;0,125795
13.08.2021;17:30:00; ;414,391663;15,931519;28,607893; ; ; ;0,093077;0,092424;0,10298
13.08.2021;17:40:00; ;414,46167;8,448946;16,028812; ; ; ;0,10897;0,113651;0,139602
13.08.2021;17:50:00; ;414,135071;11,779749;15,778088; ; ; ;0,105901;0,11009;0,120576
13.08.2021;18:00:00; ;415,289764;19,641914;18,126472;0,13865;0,148167;0,145152;0,160086;0,171674;0,20061
13.08.2021;18:10:00; ;419,978241;28,447969;21,004211; ; ; ;0,207626;0,213561;0,238295
13.08.2021;18:20:00; ;420,068512;23,037975;20,544323; ; ; ;0,147129;0,154911;0,182665
13.08.2021;18:30:00; ;419,538605;21,596197;18,288137; ; ; ;0,112993;0,090683;0,100146
13.08.2021;18:40:00; ;419,432831;18,237209;24,488438; ; ; ;0,098949;0,096187;0,094993
13.08.2021;18:50:00; ;419,454926;21,781675;30,507488; ; ; ;0,085338;0,092248;0,095398
13.08.2021;19:00:00; ;419,299011;21,674046;25,418083; ; ; ;0,095837;0,085767;0,082035
13.08.2021;19:10:00; ;420,093719;31,207933;32,129185; ; ; ;0,144003;0,146224;0,153063
13.08.2021;19:20:00; ;420,762177;30,147421;44,692245; ; ; ;0,092199;0,098667;0,09738
13.08.2021;19:30:00; ;419,933105;36,74799;29,824781; ; ; ;0,101982;0,136872;0,102092
13.08.2021;19:40:00; ;420,294647;33,714779;34,291241; ; ; ;0,077614;0,079592;0,083881
13.08.2021;19:50:00; ;420,259064;29,068792;37,380344; ; ; ;0,09696;0,117758;0,117053
13.08.2021;20:00:00; ;419,318909;36,763775;25,634563;0,12678;0,14162;0,137514;0,119564;0,118556;0,116473
13.08.2021;20:10:00; ;419,382172;32,180332;27,228058; ; ; ;0,13895;0,13958;0,139694
13.08.2021;20:20:00; ;419,281433;31,872305;33,736473; ; ; ;0,135968;0,136305;0,137739
13.08.2021;20:30:00; ;418,871246;37,88459;36,001083; ; ; ;0,075809;0,072424;0,068656
13.08.2021;20:40:00; ;418,342438;33,715126;28,300985; ; ; ;0,102632;0,107196;0,119732
13.08.2021;20:50:00; ;418,486786;33,018223;30,701248; ; ; ;0,077247;0,087453;0,083191
13.08.2021;21:00:00; ;419,468719;37,605667;25,728556; ; ; ;0,076374;0,074689;0,07709
13.08.2021;21:10:00; ;420,818207;39,526665;25,067785; ; ; ;0,068467;0,073136;0,086764
13.08.2021;21:20:00; ;421,229218;35,693802;22,880627; ; ; ;0,08559;0,100274;0,102053
13.08.2021;21:30:00; ;417,641785;32,754681;22,630859; ; ; ;0,135079;0,148432;0,13992
13.08.2021;21:40:00; ;416,16922;39,250977;16,9876; ; ; ;0,081806;0,094611;0,090297
13.08.2021;21:50:00; ;417,097717;39,506981;17,80452; ; ; ;0,074563;0,088555;0,081493
13.08.2021;22:00:00; ;417,02005;29,534672;23,667849;0,103011;0,10595;0,104011;0,082659;0,087456;0,104992
13.08.2021;22:10:00; ;413,615784;32,196003;17,773579; ; ; ;0,198716;0,232243;0,205139
13.08.2021;22:20:00; ;412,845917;28,838631;13,953341; ; ; ;0,18702;0,129201;0,138091
13.08.2021;22:30:00; ;412,761383;25,841747;19,587898; ; ; ;0,068526;0,0749;0,066253
13.08.2021;22:40:00; ;414,14267;23,901867;20,407042; ; ; ;0,069812;0,083979;0,065795
13.08.2021;22:50:00; ;414,502625;21,598642;16,794031; ; ; ;0,091153;0,108073;0,098927
13.08.2021;23:00:00; ;415,181152;22,449043;14,188407; ; ; ;0,083026;0,080217;0,08385
13.08.2021;23:10:00; ;414,434692;23,156555;13,167727; ; ; ;0,082306;0,078818;0,079343
13.08.2021;23:20:00; ;415,045746;34,259743;13,460688; ; ; ;0,058753;0,077049;0,061043
13.08.2021;23:30:00; ;415,52594;32,902512;11,750268; ; ; ;0,0772;0,077671;0,074632
13.08.2021;23:40:00; ;415,645721;16,757784;13,274058; ; ; ;0,162866;0,174238;0,165692
13.08.2021;23:50:00; ;413,83255;16,273289;11,886034; ; ; ;0,103263;0,10469;0,094629
14.08.2021;00:00:00; ;414,791199;17,856087;10,990507;0,123236;0,121772;0,119595;0,068067;0,065993;0,062975
14.08.2021;00:10:00; ;415,645325;17,865414;12,752702; ; ; ;0,065721;0,07135;0,061959
14.08.2021;00:20:00; ;416,179138;16,014511;12,451796; ; ; ;0,126632;0,138404;0,123941
14.08.2021;00:30:00; ;417,280853;14,891413;10,767716; ; ; ;0,104791;0,114638;0,112242
14.08.2021;00:40:00; ;416,877502;16,089682;11,650846; ; ; ;0,15692;0,169058;0,162228
14.08.2021;00:50:00; ;415,125366;17,660301;10,406069; ; ; ;0,066425;0,060664;0,056064
14.08.2021;01:00:00; ;415,992981;18,163593;12,311563; ; ; ;0,064111;0,064721;0,07162
14.08.2021;01:10:00; ;416,0578;15,848667;9,583515; ; ; ;0,119985;0,119425;0,120935
14.08.2021;01:20:00; ;416,006531;15,67903;8,935022; ; ; ;0,08937;0,094207;0,088389
14.08.2021;01:30:00; ;416,322144;14,634711;9,119179; ; ; ;0,075674;0,075424;0,069605
14.08.2021;01:40:00; ;417,198364;15,396852;11,980753; ; ; ;0,062274;0,055976;0,057678
14.08.2021;01:50:00; ;417,586243;15,696441;10,19506; ; ; ;0,115035;0,127006;0,115211
14.08.2021;02:00:00; ;417,530365;16,518591;9,715888;0,106835;0,11026;0,103617;0,165987;0,162209;0,15256
14.08.2021;02:10:00; ;413,473572;16,035843;11,222122; ; ; ;0,094295;0,096795;0,096256
14.08.2021;02:20:00; ;413,311707;16,239943;12,953695; ; ; ;0,069004;0,066013;0,063656
14.08.2021;02:30:00; ;413,482635;15,807709;10,482203; ; ; ;0,073886;0,065915;0,067006
14.08.2021;02:40:00; ;413,700867;17,342596;9,888574; ; ; ;0,130599;0,148848;0,134271
14.08.2021;02:50:00; ;413,484283;17,739065;9,793363; ; ; ;0,106306;0,113056;0,100439
14.08.2021;03:00:00; ;414,310394;14,738338;10,189649; ; ; ;0,067573;0,059253;0,056281
14.08.2021;03:10:00; ;413,883728;14,790005;14,518621; ; ; ;0,067624;0,068481;0,065293
14.08.2021;03:20:00; ;413,550476;16,619268;10,440408; ; ; ;0,104464;0,113717;0,096723
14.08.2021;03:30:00; ;413,640503;15,333762;11,542792; ; ; ;0,11786;0,121943;0,11228
14.08.2021;03:40:00; ;413,577515;15,69461;9,603868; ; ; ;0,117376;0,131221;0,112936
14.08.2021;03:50:00; ;413,323486;15,60453;9,799824; ; ; ;0,09105;0,086942;0,091879
14.08.2021;04:00:00; ;412,88028;15,806636;9,939167;0,105706;0,109612;0,101679;0,077663;0,083928;0,075895
14.08.2021;04:10:00; ;413,471375;15,110476;9,884783; ; ; ;0,135737;0,125387;0,136643
14.08.2021;04:20:00; ;413,662842;14,184229;9,545445; ; ; ;0,101142;0,105917;0,106845
14.08.2021;04:30:00; ;413,423645;14,896289;10,121803; ; ; ;0,090296;0,091245;0,086875
14.08.2021;04:40:00; ;413,178345;14,133407;14,129312; ; ; ;0,098956;0,090544;0,093504
14.08.2021;04:50:00; ;414,197784;17,132359;10,36972; ; ; ;0,118704;0,110893;0,110108
14.08.2021;05:00:00; ;414,669891;19,782372;9,768962; ; ; ;0,116831;0,182264;0,119096
14.08.2021;05:10:00; ;413,878693;13,139136;9,332312; ; ; ;0,102991;0,114315;0,105571
14.08.2021;05:20:00; ;414,406921;16,136772;11,673849; ; ; ;0,086234;0,07671;0,081762
14.08.2021;05:30:00; ;414,171051;17,198427;10,520393; ; ; ;0,309076;0,116822;0,172791
14.08.2021;05:40:00; ;414,289703;16,182262;10,441941; ; ; ;0,126783;0,138691;0,132156
14.08.2021;05:50:00; ;413,713623;17,381468;11,108554; ; ; ;0,127374;0,126023;0,118902
14.08.2021;06:00:00; ;413,375458;18,911118;13,02669;0,131189;0,118023;0,151241;0,128535;0,12897;0,125176
14.08.2021;06:10:00; ;415,065887;15,354981;9,071882; ; ; ;0,153646;0,153339;0,152934
14.08.2021;06:20:00; ;414,346954;18,90432;14,330697; ; ; ;0,087099;0,085771;0,08777
14.08.2021;06:30:00; ;412,955627;21,64986;10,839735; ; ; ;0,13765;0,14288;0,130805
14.08.2021;06:40:00; ;415,415771;19,458176;13,40481; ; ; ;0,164637;0,161987;0,161338
14.08.2021;06:50:00; ;415,069;15,558908;15,553985; ; ; ;0,111122;0,146994;0,104084
14.08.2021;07:00:00; ;413,733154;22,176546;12,927393; ; ; ;0,119419;0,112457;0,1195
14.08.2021;07:10:00; ;413,372711;25,908138;13,948418; ; ; ;0,163826;0,163286;0,163421
14.08.2021;07:20:00; ;415,493134;23,996117;15,210218; ; ; ;0,11957;0,119062;0,122828
14.08.2021;07:30:00; ;414,630188;25,06251;26,05698; ; ; ;0,114839;0,122819;0,1142
14.08.2021;07:40:00; ;414,076416;25,859116;18,55759; ; ; ;0,103968;0,108277;0,112262
14.08.2021;07:50:00; ;413,581818;20,891851;17,485865; ; ; ;0,087708;0,088197;0,090565
14.08.2021;08:00:00; ;412,778351;18,506979;26,04516;0,127595;0,129587;0,129254;0,122436;0,119055;0,11168
14.08.2021;08:10:00; ;414,167236;22,954086;30,282475; ; ; ;0,171313;0,169825;0,174038
14.08.2021;08:20:00; ;414,751617;29,814917;19,625828; ; ; ;0,102809;0,11313;0,113596
14.08.2021;08:30:00; ;413,495331;17,482967;37,420357; ; ; ;0,362451;0,162351;0,158106
14.08.2021;08:40:00; ;414,853302;13,083813;23,088825; ; ; ;0,153654;0,167963;0,161353
14.08.2021;08:50:00; ;417,120972;13,512754;14,352488; ; ; ;0,133;0,179274;0,133101
14.08.2021;09:00:00; ;416,288971;18,166737;16,333515; ; ; ;0,137139;0,161661;0,148989
14.08.2021;09:10:00; ;416,037903;34,684311;9,188925; ; ; ;0,226476;0,202287;0,161307
14.08.2021;09:20:00; ;414,852356;38,172176;7,889881; ; ; ;0,094592;0,097022;0,097419
14.08.2021;09:30:00; ;415,819122;30,365517;13,190972; ; ; ;0,122893;0,129181;0,122841
14.08.2021;09:40:00; ;415,70401;16,714317;12,339558; ; ; ;0,131482;0,126714;0,143462
14.08.2021;09:50:00; ;415,016418;16,82715;8,741359; ; ; ;0,138422;0,147306;0,160387
14.08.2021;10:00:00; ;414,206268;20,700289;18,494665;0,174346;0,140333;0,164984;0,120221;0,126254;0,141919
14.08.2021;10:10:00; ;413,74054;23,559498;11,854679; ; ; ;0,118317;0,120135;0,14071
14.08.2021;10:20:00; ;413,341187;30,605366;15,709447; ; ; ;0,234958;0,232087;0,232677
14.08.2021;10:30:00; ;413,475983;24,889622;14,893103; ; ; ;0,117318;0,123992;0,13587
14.08.2021;10:40:00; ;413,713867;23,774632;10,894083; ; ; ;0,097876;0,098292;0,109
14.08.2021;10:50:00; ;413,874878;28,814192;22,97624; ; ; ;0,108721;0,082433;0,095454
14.08.2021;11:00:00; ;414,684509;15,940428;11,646059; ; ; ;0,137472;0,139293;0,140123
14.08.2021;11:10:00; ;415,16214;16,809393;11,936973; ; ; ;0,137082;0,122977;0,136456
14.08.2021;11:20:00; ;415,525696;13,872371;7,611675; ; ; ;0,126737;0,1253;0,124325
14.08.2021;11:30:00; ;414,561981;15,099851;11,2237; ; ; ;0,146711;0,144403;0,157192
14.08.2021;11:40:00; ;414,617371;12,973718;8,00874; ; ; ;0,118706;0,114238;0,128244
14.08.2021;11:50:00; ;414,960846;18,739162;9,242188; ; ; ;0,144411;0,138656;0,160223
14.08.2021;12:00:00; ;415,650513;19,642092;10,705793;0,139583;0,140824;0,146207;0,123692;0,12126;0,136083
14.08.2021;12:10:00; ;417,358551;15,408943;7,674186; ; ; ;0,134303;0,137966;0,143474
14.08.2021;12:20:00; ;417,099579;18,792376;8,614381; ; ; ;0,088979;0,093572;0,102881
14.08.2021;12:30:00; ;417,216339;18,451542;15,593629; ; ; ;0,137087;0,139864;0,142781
14.08.2021;12:40:00; ;416,872955;15,402514;40,092381; ; ; ;0,146959;0,161786;0,149608
14.08.2021;12:50:00; ;416,961609;16,836428;21,317379; ; ; ;0,109366;0,113881;0,114955
14.08.2021;13:00:00; ;416,935211;18,495905;13,849792; ; ; ;0,078024;0,080782;0,080613
14.08.2021;13:10:00; ;416,675842;17,362791;7,84894; ; ; ;0,353153;0,360381;0,363012
14.08.2021;13:20:00; ;417,79599;17,420929;9,051709; ; ; ;0,47577;0,48205;0,495367
14.08.2021;13:30:00; ;418,205597;14,002873;9,97843; ; ; ;0,449222;0,466377;0,466712
14.08.2021;13:40:00; ;417,805237;17,750982;9,345031; ; ; ;0,133359;0,144551;0,141139
14.08.2021;13:50:00; ;418,131165;18,897497;14,595655; ; ; ;0,172212;0,170499;0,18172
14.08.2021;14:00:00; ;418,022858;20,039793;33,986946;0,280263;0,289184;0,286009;0,167812;0,169883;0,176047
14.08.2021;14:10:00; ;417,439362;33,879543;36,336182; ; ; ;0,116599;0,119179;0,135975
14.08.2021;14:20:00; ;416,235535;25,16326;31,949347; ; ; ;0,111756;0,1141;0,13795
14.08.2021;14:30:00; ;416,381958;34,476173;33,275303; ; ; ;0,40498;0,408246;0,407646
14.08.2021;14:40:00; ;415,728424;28,809862;41,321724; ; ; ;0,109676;0,110115;0,109354
14.08.2021;14:50:00; ;416,813751;28,700823;42,663151; ; ; ;0,366244;0,380068;0,403264
14.08.2021;15:00:00; ;417,551544;33,199596;39,432735; ; ; ;0,189636;0,197975;0,202756
14.08.2021;15:10:00; ;418,117371;31,98955;31,090456; ; ; ;0,264405;0,275124;0,271243
14.08.2021;15:20:00; ;417,687836;22,130138;23,811838; ; ; ;0,181738;0,186155;0,197205
14.08.2021;15:30:00; ;417,962189;18,71055;23,495108; ; ; ;0,085387;0,083205;0,112776
14.08.2021;15:40:00; ;416,177734;22,839247;21,741529; ; ; ;0,167192;0,17155;0,178237
14.08.2021;15:50:00; ;416,393219;22,68783;20,760916; ; ; ;0,446199;0,637403;0,654134
14.08.2021;16:00:00; ;416,567627;17,857204;23,587795;0,288975;0,355316;0,296771;0,105043;0,130448;0,129092
14.08.2021;16:10:00; ;416,443726;9,174755;14,206074; ; ; ;0,127062;0,124095;0,133626
14.08.2021;16:20:00; ;414,445892;18,452621;19,119232; ; ; ;0,102644;0,098622;0,114444
14.08.2021;16:30:00; ;414,553619;15,016351;10,645563; ; ; ;0,08841;0,087455;0,076868
14.08.2021;16:40:00; ;415,699646;8,746461;12,77049; ; ; ;0,133627;0,123589;0,138124
14.08.2021;16:50:00; ;415,550293;15,687673;19,943789; ; ; ;0,128287;0,132244;0,13988
14.08.2021;17:00:00; ;415,225128;14,139035;17,221487; ; ; ;0,119824;0,128308;0,151212
14.08.2021;17:10:00; ;415,172455;18,603756;24,156874; ; ; ;0,133973;0,133608;0,174314
14.08.2021;17:20:00; ;415,320435;24,481516;22,858513; ; ; ;0,331445;0,179364;0,295221
14.08.2021;17:30:00; ;414,751587;23,884203;20,977467; ; ; ;0,152146;0,154142;0,164514
14.08.2021;17:40:00; ;416,060455;16,904572;27,734104; ; ; ;0,104085;0,121989;0,108132
14.08.2021;17:50:00; ;416,379761;20,423685;19,728012; ; ; ;0,09132;0,145879;0,094632
14.08.2021;18:00:00; ;416,448883;17,971987;26,745407;0,137123;0,129849;0,195959;0,095234;0,120677;0,103724
14.08.2021;18:10:00; ;416,067749;17,740707;38,070847; ; ; ;0,319399;0,361771;0,311267
14.08.2021;18:20:00; ;415,458282;20,355577;22,398321; ; ; ;0,336426;0,165749;0,351006
14.08.2021;18:30:00; ;415,330933;26,533895;19,347631; ; ; ;0,197116;0,230312;0,179865
14.08.2021;18:40:00; ;415,564301;23,108515;21,367012; ; ; ;0,160145;0,17983;0,223325
14.08.2021;18:50:00; ;416,17514;21,962421;17,438335; ; ; ;0,348798;0,353233;0,364918
14.08.2021;19:00:00; ;415,767365;17,317533;24,656372; ; ; ;0,267276;0,274454;0,276512
14.08.2021;19:10:00; ;419,677734;24,342295;30,536074; ; ; ;0,293628;0,334317;0,295388
14.08.2021;19:20:00; ;420,776794;22,389759;32,620365; ; ; ;0,357514;0,3015;0,310303
14.08.2021;19:30:00; ;419,951538;21,833563;34,698292; ; ; ;0,143013;0,156266;0,133686
14.08.2021;19:40:00; ;419,899658;20,728851;37,148212; ; ; ;0,111068;0,111635;0,101413
14.08.2021;19:50:00; ;419,880951;20,521467;32,755665; ; ; ;0,131917;0,099782;0,113427
14.08.2021;20:00:00; ;419,76947;18,714258;21,571295;0,256769;0,249197;0,283321;0,082415;0,084864;0,077611
14.08.2021;20:10:00; ;420,058228;31,663042;37,382172; ; ; ;0,271748;0,25179;0,250454
14.08.2021;20:20:00; ;419,513641;30,007177;36,426311; ; ; ;0,13407;0,131262;0,150209
14.08.2021;20:30:00; ;418,698517;24,116444;38,967808; ; ; ;0,097418;0,109491;0,140957
14.08.2021;20:40:00; ;418,549866;21,949711;34,71331; ; ; ;0,072906;0,06771;0,113323
14.08.2021;20:50:00; ;419,208252;28,629028;33,288097; ; ; ;0,064517;0,072531;0,094483
14.08.2021;21:00:00; ;419,643616;24,711765;32,564144; ; ; ;0,094721;0,106934;0,10454
14.08.2021;21:10:00; ;419,658569;26,982439;36,95319; ; ; ;0,086177;0,089033;0,088212
14.08.2021;21:20:00; ;420,423157;31,792765;35,773354; ; ; ;0,08896;0,094631;0,091476
14.08.2021;21:30:00; ;421,308533;23,821814;34,421684; ; ; ;0,101217;0,101095;0,106407
14.08.2021;21:40:00; ;419,623322;23,670891;28,450462; ; ; ;0,142578;0,133347;0,138984
14.08.2021;21:50:00; ;419,116394;23,068731;33,995167; ; ; ;0,095746;0,10368;0,105728
14.08.2021;22:00:00; ;419,755432;25,867365;26,449072;0,130747;0,13265;0,140989;0,092746;0,179067;0,112204
14.08.2021;22:10:00; ;413,975464;22,433401;30,404383; ; ; ;0,138497;0,145246;0,142606
14.08.2021;22:20:00; ;414,407898;21,711763;30,093948; ; ; ;0,203535;0,090898;0,100507
14.08.2021;22:30:00; ;414,546173;26,34395;27,856668; ; ; ;0,121251;0,116591;0,11389
14.08.2021;22:40:00; ;414,635437;21,471199;23,485321; ; ; ;0,135506;0,121748;0,127754
14.08.2021;22:50:00; ;415,746155;21,704967;27,17145; ; ; ;0,101968;0,117273;0,119102
14.08.2021;23:00:00; ;416,414917;21,346041;30,640158; ; ; ;0,093694;0,091241;0,102708
14.08.2021;23:10:00; ;415,242157;18,138008;21,798672; ; ; ;0,073835;0,074882;0,080025
14.08.2021;23:20:00; ;415,279755;21,199303;19,784739; ; ; ;0,133971;0,145784;0,307733
14.08.2021;23:30:00; ;415,87738;19,02252;20,43326; ; ; ;0,188112;0,175126;0,138819
14.08.2021;23:40:00; ;416,120941;18,084934;14,997124; ; ; ;0,103063;0,099023;0,098345
14.08.2021;23:50:00; ;415,901184;16,738314;12,639884; ; ; ;1,509637;0,418102;0,366154
15.08.2021;00:00:00; ;413,615967;16,905365;12,567153;0,493671;0,1482;0,481305;0,080645;0,081448;0,073723
15.08.2021;00:10:00; ;412,74408;18,587246;13,723327; ; ; ;0,114294;0,124323;0,110729
15.08.2021;00:20:00; ;413,497864;16,241982;15,508902; ; ; ;0,103744;0,12229;0,1144
15.08.2021;00:30:00; ;413,824982;17,066658;12,111373; ; ; ;0,093825;0,094659;0,091209
15.08.2021;00:40:00; ;414,65744;14,956177;11,814505; ; ; ;0,073953;0,072725;0,073357
15.08.2021;00:50:00; ;415,462494;15,795049;10,702866; ; ; ;0,114056;0,112283;0,111711
15.08.2021;01:00:00; ;415,611267;16,099493;13,079299; ; ; ;0,091421;0,108741;0,094441
15.08.2021;01:10:00; ;415,71701;15,04203;11,564841; ; ; ;0,085316;0,093691;0,087669
15.08.2021;01:20:00; ;416,226715;16,068094;10,71176; ; ; ;0,09618;0,096978;0,096389
15.08.2021;01:30:00; ;417,228149;13,967842;10,747163; ; ; ;0,091352;0,078545;0,082381
15.08.2021;01:40:00; ;415,793213;15,704267;10,154568; ; ; ;0,16312;0,151838;0,160573
15.08.2021;01:50:00; ;413,745667;14,81558;11,591286; ; ; ;0,096665;0,094086;0,092628
15.08.2021;02:00:00; ;413,747131;14,821999;9,169753;0,105602;0,109363;0,107129;0,11091;0,116051;0,119953
15.08.2021;02:10:00; ;413,200745;13,949261;9,066901; ; ; ;0,08932;0,090328;0,094802
15.08.2021;02:20:00; ;413,160736;17,190899;11,689776; ; ; ;0,088539;0,086513;0,089403
15.08.2021;02:30:00; ;413,910461;17,552628;10,290995; ; ; ;0,227306;0,174814;0,626675
15.08.2021;02:40:00; ;413,397339;20,030283;9,81931; ; ; ;0,130373;0,12124;0,12614
15.08.2021;02:50:00; ;413,446777;17,428509;12,421307; ; ; ;0,09225;0,093051;0,100851
15.08.2021;03:00:00; ;413,701904;16,1138;9,575317; ; ; ;0,097102;0,098473;0,108712
15.08.2021;03:10:00; ;414,287781;19,129086;9,693026; ; ; ;0,092471;0,117195;0,097493
15.08.2021;03:20:00; ;414,059479;20,710983;9,777403; ; ; ;0,08187;0,078854;0,0818
15.08.2021;03:30:00; ;414,807007;20,534225;9,685125; ; ; ;0,1111;0,112212;0,115607
15.08.2021;03:40:00; ;414,674744;17,685368;13,7625; ; ; ;0,063302;0,063192;0,061326
15.08.2021;03:50:00; ;415,021637;19,822861;9,680917; ; ; ;0,074339;0,073106;0,073033
15.08.2021;04:00:00; ;414,474091;18,283083;9,817858;0,095664;0,205545;0,228291;0,117001;0,136855;0,116743
15.08.2021;04:10:00; ;414,327942;18,123112;9,454356; ; ; ;0,097854;0,094038;0,094183
15.08.2021;04:20:00; ;414,691833;17,493084;9,350328; ; ; ;0,13709;0,130809;0,153886
15.08.2021;04:30:00; ;414,685242;16,443966;9,766515; ; ; ;0,065962;0,065208;0,064093
15.08.2021;04:40:00; ;414,07489;18,064812;11,048905; ; ; ;0,135947;0,114474;0,131572
15.08.2021;04:50:00; ;414,10672;17,132774;10,029125; ; ; ;0,107466;0,098009;0,117966
15.08.2021;05:00:00; ;416,004517;15,595709;13,162335; ; ; ;0,077364;0,076663;0,077182
15.08.2021;05:10:00; ;416,224915;15,885726;9,940737; ; ; ;0,113348;0,101528;0,108771
15.08.2021;05:20:00; ;416,563782;20,995018;9,562652; ; ; ;0,110465;0,112319;0,102199
15.08.2021;05:30:00; ;416,242279;17,359001;9,754081; ; ; ;0,100231;0,08776;0,107458
15.08.2021;05:40:00; ;416,495056;15,488123;12,354931; ; ; ;0,07498;0,068803;0,075066
15.08.2021;05:50:00; ;416,682068;15,183857;10,205193; ; ; ;0,181173;0,195049;0,176732
15.08.2021;06:00:00; ;416,343719;16,92268;12,175558;0,116159;0,115375;0,119816;0,111923;0,105292;0,099339
15.08.2021;06:10:00; ;417,377106;20,219278;8,960685; ; ; ;0,080735;0,085497;0,076095
15.08.2021;06:20:00; ;417,082092;14,432055;10,695806; ; ; ;0,078897;0,084508;0,088047
15.08.2021;06:30:00; ;416,252625;16,449497;9,547032; ; ; ;0,17015;0,175859;0,154977
15.08.2021;06:40:00; ;415,082947;19,179152;8,643796; ; ; ;0,165719;0,172713;0,145664
15.08.2021;06:50:00; ;413,372467;16,022404;9,218186; ; ; ;0,119481;0,145748;0,12861
15.08.2021;07:00:00; ;415,756958;15,997849;11,918229; ; ; ;0,14936;0,145912;0,150322
15.08.2021;07:10:00; ;416,675873;13,76936;9,774426; ; ; ;0,082664;0,080255;0,076959
15.08.2021;07:20:00; ;416,573181;9,433505;12,097217; ; ; ;0,144337;0,140047;0,146404
15.08.2021;07:30:00; ;415,528168;10,407296;17,625807; ; ; ;0,130545;0,126537;0,128434
15.08.2021;07:40:00; ;415,32135;12,448377;10,584353; ; ; ;0,109665;0,120355;0,10746
15.08.2021;07:50:00; ;414,4823;11,171597;12,193892; ; ; ;0,092978;0,08489;0,087284
15.08.2021;08:00:00; ;414,076996;11,921373;9,841029;0,130984;0,130425;0,122979;0,088585;0,089349;0,100499
15.08.2021;08:10:00; ;413,818878;11,049031;10,150376; ; ; ;0,127398;0,144141;0,133963
15.08.2021;08:20:00; ;413,207428;13,710013;11,319242; ; ; ;0,109708;0,115414;0,106648
15.08.2021;08:30:00; ;413,005463;11,155832;14,858714; ; ; ;0,082707;0,088393;0,090361
15.08.2021;08:40:00; ;412,64212;11,747901;11,673549; ; ; ;0,084511;0,091559;0,095969
15.08.2021;08:50:00; ;416,848206;13,160913;15,170735; ; ; ;0,20127;0,202272;0,200737
15.08.2021;09:00:00; ;417,009552;14,235455;9,265065; ; ; ;0,124668;0,113937;0,103596
15.08.2021;09:10:00; ;416,834106;6,147354;7,784455; ; ; ;0,091881;0,090811;0,097396
15.08.2021;09:20:00; ;416,508484;8,102663;8,098571; ; ; ;0,07207;0,076205;0,06433
15.08.2021;09:30:00; ;416,670959;7,866913;9,492676; ; ; ;0,10316;0,116327;0,104229
15.08.2021;09:40:00; ;416,031555;7,035946;8,427646; ; ; ;0,098009;0,10913;0,095565
15.08.2021;09:50:00; ;418,631439;8,694148;8,43719; ; ; ;0,158836;0,168983;0,171863
15.08.2021;10:00:00; ;418,851257;12,205092;15,49894;0,1254;0,127691;0,123171;0,076769;0,073468;0,070815
15.08.2021;10:10:00; ;418,730591;8,535224;6,869594; ; ; ;0,074137;0,07541;0,078776
15.08.2021;10:20:00; ;418,027252;10,792669;6,917194; ; ; ;0,333294;0,194341;0,250216
15.08.2021;10:30:00; ;417,646729;10,725372;10,050208; ; ; ;0,097368;0,090805;0,103083
15.08.2021;10:40:00; ;417,541595;12,309375;8,197158; ; ; ;0,101243;0,10658;0,102155
15.08.2021;10:50:00; ;417,581055;12,21869;11,523862; ; ; ;0,160016;0,154843;0,210187
15.08.2021;11:00:00; ;417,402649;13,367219;11,557934; ; ; ;0,148794;0,152354;0,234594
15.08.2021;11:10:00; ;417,363251;15,084511;10,774265; ; ; ;0,129267;0,140585;0,1278
15.08.2021;11:20:00; ;417,748047;13,369505;9,006025; ; ; ;0,113773;0,106152;0,115187
15.08.2021;11:30:00; ;417,645111;20,382215;11,717779; ; ; ;0,091723;0,089372;0,097858
15.08.2021;11:40:00; ;417,967896;12,956425;8,691891; ; ; ;0,078972;0,079427;0,077712
15.08.2021;11:50:00; ;417,060394;23,361309;28,946447; ; ; ;0,136603;0,134274;0,134144
15.08.2021;12:00:00; ;416,815094;24,350779;32,572063;0,142872;0,134907;0,172247;0,120736;0,113885;0,106451
15.08.2021;12:10:00; ;417,712677;20,81925;22,180397; ; ; ;0,088429;0,091254;0,087036
15.08.2021;12:20:00; ;417,159027;17,498446;28,849417; ; ; ;0,08337;0,091586;0,080732
15.08.2021;12:30:00; ;417,198547;16,536652;26,185625; ; ; ;0,130878;0,13467;0,115942
15.08.2021;12:40:00; ;417,039856;16,74921;16,840225; ; ; ;0,140227;0,134293;0,125866
15.08.2021;12:50:00; ;415,736298;19,521511;13,826257; ; ; ;0,133036;0,140104;0,123536
15.08.2021;13:00:00; ;415,312836;13,132539;19,539261; ; ; ;0,091264;0,089519;0,091283
15.08.2021;13:10:00; ;414,339905;19,936964;21,836405; ; ; ;0,108909;0,110138;0,108086
15.08.2021;13:20:00; ;415,355499;14,912507;22,257519; ; ; ;0,167795;0,167942;0,158587
15.08.2021;13:30:00; ;415,965179;10,303891;19,604053; ; ; ;0,165074;0,170019;0,177045
15.08.2021;13:40:00; ;417,552124;18,638597;10,149471; ; ; ;0,123556;0,123836;0,129964
15.08.2021;13:50:00; ;417,458252;17,511398;13,608061; ; ; ;0,084427;0,096125;0,083734
15.08.2021;14:00:00; ;417,331085;18,356089;11,052961;0,126468;0,124899;0,123283;0,156402;0,156572;0,160863
15.08.2021;14:10:00; ;416,711151;15,902648;11,527561; ; ; ;0,130989;0,131123;0,145204
15.08.2021;14:20:00; ;416,888855;13,242763;9,168839; ; ; ;0,114724;0,122968;0,118212
15.08.2021;14:30:00; ;417,263458;17,498562;12,311771; ; ; ;0,844742;0,216668;0,259022
15.08.2021;14:40:00; ;417,342682;15,629138;9,684229; ; ; ;0,083023;0,092078;0,093973
15.08.2021;14:50:00; ;417,493286;16,681772;11,684958; ; ; ;0,099983;0,109681;0,107107
15.08.2021;15:00:00; ;418,506073;10,691755;7,39021; ; ; ;0,128913;0,124802;0,129886
15.08.2021;15:10:00; ;418,863617;7,968647;12,989585; ; ; ;0,128538;0,136829;0,14187
15.08.2021;15:20:00; ;419,839813;12,429825;14,051377; ; ; ;0,10706;0,107113;0,096611
15.08.2021;15:30:00; ;420,027344;16,690804;9,791895; ; ; ;0,076507;0,079193;0,080228
15.08.2021;15:40:00; ;419,753418;17,940044;6,670153; ; ; ;0,10106;0,106647;0,106619
15.08.2021;15:50:00; ;419,302521;15,544338;8,544086; ; ; ;0,133597;0,147147;0,134944
15.08.2021;16:00:00; ;419,730743;14,140656;12,911745;0,271301;0,1242;0,29437;0,104889;0,119472;0,115923
15.08.2021;16:10:00; ;419,518677;14,792614;9,226281; ; ; ;0,088388;0,097905;0,092548
15.08.2021;16:20:00; ;418,339691;13,870689;10,474953; ; ; ;0,081839;0,127931;0,092956
15.08.2021;16:30:00; ;418,207489;11,087772;9,605732; ; ; ;0,12416;0,136481;0,128404
15.08.2021;16:40:00; ;417,331238;12,366774;8,423269; ; ; ;0,12162;0,123625;0,122087
15.08.2021;16:50:00; ;417,345276;25,134142;17,224815; ; ; ;0,188977;0,194364;0,178779
15.08.2021;17:00:00; ;417,898621;8,85191;8,043674; ; ; ;0,071988;0,082602;0,080933
15.08.2021;17:10:00; ;417,614746;11,531622;9,115393; ; ; ;0,331087;0,220714;0,310009
15.08.2021;17:20:00; ;417,854553;18,36392;9,098665; ; ; ;0,160839;0,15759;0,152523
15.08.2021;17:30:00; ;417,529633;12,354941;11,262007; ; ; ;0,104346;0,11129;0,094386
15.08.2021;17:40:00; ;417,018066;25,852467;30,384401; ; ; ;0,143799;0,140732;0,140833
15.08.2021;17:50:00; ;416,951416;22,329254;25,253897; ; ; ;0,075258;0,078343;0,082903
15.08.2021;18:00:00; ;416,782593;20,024036;15,798982;0,150541;0,145249;0,177094;0,0761;0,09556;0,076638
15.08.2021;18:10:00; ;415,624115;21,803501;13,799477; ; ; ;0,34942;0,41026;0,291108
15.08.2021;18:20:00; ;415,005981;27,601723;20,332722; ; ; ;0,130481;0,129834;0,136329
15.08.2021;18:30:00; ;414,523743;29,745813;25,802174; ; ; ;0,083907;0,084609;0,095309
15.08.2021;18:40:00; ;413,60849;24,934534;24,669868; ; ; ;0,09612;0,096956;0,096422
15.08.2021;18:50:00; ;413,375732;29,528587;19,129217; ; ; ;0,156303;0,164041;0,158965
15.08.2021;19:00:00; ;413,732788;33,454189;22,068846; ; ; ;0,086086;0,098302;0,083256
15.08.2021;19:10:00; ;413,973846;30,959654;26,921402; ; ; ;0,100681;0,099046;0,102467
15.08.2021;19:20:00; ;413,915253;29,77796;29,305763; ; ; ;0,083726;0,083952;0,086913
15.08.2021;19:30:00; ;414,28421;23,625917;31,377726; ; ; ;0,088502;0,089566;0,099496
15.08.2021;19:40:00; ;414,306702;19,34708;40,136452; ; ; ;0,146176;0,154379;0,14623
15.08.2021;19:50:00; ;414,330688;21,656157;42,65588; ; ; ;0,15239;0,139281;0,135933
15.08.2021;20:00:00; ;414,10199;20,248209;36,213535;0,193835;0,168613;0,152487;0,077574;0,094238;0,07562
15.08.2021;20:10:00; ;412,867676;24,896982;36,353153; ; ; ;0,099511;0,105734;0,086056
15.08.2021;20:20:00; ;411,518829;24,929434;43,084373; ; ; ;0,112343;0,115815;0,12076
15.08.2021;20:30:00; ;415,078217;24,988094;36,273064; ; ; ;0,159552;0,155208;0,153531
15.08.2021;20:40:00; ;415,998993;33,087566;38,941658; ; ; ;0,128438;0,130045;0,126477
15.08.2021;20:50:00; ;415,17923;28,401783;35,054932; ; ; ;0,08338;0,097271;0,090548
15.08.2021;21:00:00; ;415,870575;30,727489;39,220715; ; ; ;0,071629;0,085118;0,075309
15.08.2021;21:10:00; ;416,507446;29,726671;36,678905; ; ; ;0,16291;0,174345;0,159063
15.08.2021;21:20:00; ;416,999359;26,137094;38,205891; ; ; ;0,105217;0,116982;0,116839
15.08.2021;21:30:00; ;417,281708;29,18964;34,790882; ; ; ;0,091343;0,094392;0,112155
15.08.2021;21:40:00; ;418,54126;20,998993;27,494265; ; ; ;0,090898;0,090563;0,106374
15.08.2021;21:50:00; ;419,391052;25,534678;23,979641; ; ; ;0,127061;0,142173;0,138779
15.08.2021;22:00:00; ;420,108612;25,49061;31,749577;0,119069;0,118779;0,116842;0,106302;0,106914;0,107825
15.08.2021;22:10:00; ;418,615356;24,985151;19,749535; ; ; ;0,147851;0,156194;0,148375
15.08.2021;22:20:00; ;418,516113;18,879501;23,324453; ; ; ;0,084309;0,084415;0,085506
15.08.2021;22:30:00; ;419,060547;24,395391;23,226746; ; ; ;0,109828;0,098708;0,105012
15.08.2021;22:40:00; ;419,961273;25,144854;14,349219; ; ; ;0,146463;0,164515;0,150873
15.08.2021;22:50:00; ;420,725342;18,550674;12,467735; ; ; ;0,118294;0,115074;0,111663
15.08.2021;23:00:00; ;421,145447;17,710123;12,020291; ; ; ;0,14308;0,156708;0,1383
15.08.2021;23:10:00; ;416,048553;16,625858;15,541061; ; ; ;0,209843;0,207227;0,209805
15.08.2021;23:20:00; ;413,392548;17,028095;12,045929; ; ; ;0,099305;0,101946;0,109855
15.08.2021;23:30:00; ;413,610382;15,130509;14,261917; ; ; ;0,141164;0,130378;0,135143
15.08.2021;23:40:00; ;413,964691;16,404177;18,583593; ; ; ;0,138657;0,128057;0,137101
15.08.2021;23:50:00; ;414,935669;15,844697;13,106903; ; ; ;0,11264;0,099542;0,105418
16.08.2021;00:00:00; ;414,725616;16,26693;12,028197;0,133696;0,133442;0,134933;0,090387;0,085162;0,086384
16.08.2021;00:10:00; ;413,20575;16,553505;12,359358; ; ; ;0,111846;0,102096;0,098866
16.08.2021;00:20:00; ;413,254639;17,936844;13,15777; ; ; ;0,115803;0,099821;0,108012
16.08.2021;00:30:00; ;413,623932;16,658373;11,458747; ; ; ;0,222588;0,183887;0,213443
16.08.2021;00:40:00; ;414,095581;14,92986;12,434141; ; ; ;0,08427;0,087961;0,085616
16.08.2021;00:50:00; ;414,669891;17,356787;11,139534; ; ; ;0,09389;0,085549;0,098159
16.08.2021;01:00:00; ;414,912933;16,135899;11,853435; ; ; ;0,15964;0,1621;0,155415
16.08.2021;01:10:00; ;414,159454;16,429697;9,789207; ; ; ;0,115132;0,128839;0,114011
16.08.2021;01:20:00; ;414,348389;13,682628;10,329363; ; ; ;0,102222;0,096152;0,104165
16.08.2021;01:30:00; ;414,590149;13,633597;11,930934; ; ; ;0,096838;0,081657;0,102904
16.08.2021;01:40:00; ;414,626404;13,895327;14,167178; ; ; ;0,104763;0,100345;0,103636
16.08.2021;01:50:00; ;415,248993;14,248714;10,012746; ; ; ;0,09187;0,094207;0,092564
16.08.2021;02:00:00; ;414,915771;14,692184;10,272576;0,12339;0,121431;0,133994;0,187254;0,251164;0,151456
16.08.2021;02:10:00; ;415,431946;16,792038;9,640402; ; ; ;0,07699;0,071031;0,074509
16.08.2021;02:20:00; ;415,433289;17,018064;9,538771; ; ; ;0,097018;0,092876;0,09327
;;;;;;;;;;;
