Analyzer:;PQM-711 (BS0109);;;;;;;;;;;;;;;;;;;;;;;;;;;;;;;;;;;;;;;;;;;;;;;;;;;;;;;;;;;;;;;;;;;;;;;;;;;;;;;;;;;;;;;;;;;;;;;;;;;;;;;;;;;;;;;;;;;;;;;;;;;;;;;;;;;;;;;;;;;;;;;;;;;;;;;;;;;;;;;;
Recording start: ;2019-10-17 10:50:00.004;;;;;;;;;;;;;;;;;;;;;;;;;;;;;;;;;;;;;;;;;;;;;;;;;;;;;;;;;;;;;;;;;;;;;;;;;;;;;;;;;;;;;;;;;;;;;;;;;;;;;;;;;;;;;;;;;;;;;;;;;;;;;;;;;;;;;;;;;;;;;;;;;;;;;;;;;;;;;;;;
Recording stop: ;25.10.2019 13:30;;;;;;;;;;;;;;;;;;;;;;;;;;;;;;;;;;;;;;;;;;;;;;;;;;;;;;;;;;;;;;;;;;;;;;;;;;;;;;;;;;;;;;;;;;;;;;;;;;;;;;;;;;;;;;;;;;;;;;;;;;;;;;;;;;;;;;;;;;;;;;;;;;;;;;;;;;;;;;;;
Time:;(UTC+2);;;;;;;;;;;;;;;;;;;;;;;;;;;;;;;;;;;;;;;;;;;;;;;;;;;;;;;;;;;;;;;;;;;;;;;;;;;;;;;;;;;;;;;;;;;;;;;;;;;;;;;;;;;;;;;;;;;;;;;;;;;;;;;;;;;;;;;;;;;;;;;;;;;;;;;;;;;;;;;;
Flag:;;;;;;;;;;;;;;;;;;;;;;;;;;;;;;;;;;;;;;;;;;;;;;;;;;;;;;;;;;;;;;;;;;;;;;;;;;;;;;;;;;;;;;;;;;;;;;;;;;;;;;;;;;;;;;;;;;;;;;;;;;;;;;;;;;;;;;;;;;;;;;;;;;;;;;;;;;;;;;;;;
E - event;;;;;;;;;;;;;;;;;;;;;;;;;;;;;;;;;;;;;;;;;;;;;;;;;;;;;;;;;;;;;;;;;;;;;;;;;;;;;;;;;;;;;;;;;;;;;;;;;;;;;;;;;;;;;;;;;;;;;;;;;;;;;;;;;;;;;;;;;;;;;;;;;;;;;;;;;;;;;;;;;
P - PLL no synchronization;;;;;;;;;;;;;;;;;;;;;;;;;;;;;;;;;;;;;;;;;;;;;;;;;;;;;;;;;;;;;;;;;;;;;;;;;;;;;;;;;;;;;;;;;;;;;;;;;;;;;;;;;;;;;;;;;;;;;;;;;;;;;;;;;;;;;;;;;;;;;;;;;;;;;;;;;;;;;;;;;
G - GPS no synchronization;;;;;;;;;;;;;;;;;;;;;;;;;;;;;;;;;;;;;;;;;;;;;;;;;;;;;;;;;;;;;;;;;;;;;;;;;;;;;;;;;;;;;;;;;;;;;;;;;;;;;;;;;;;;;;;;;;;;;;;;;;;;;;;;;;;;;;;;;;;;;;;;;;;;;;;;;;;;;;;;;
T - time resynchronization;;;;;;;;;;;;;;;;;;;;;;;;;;;;;;;;;;;;;;;;;;;;;;;;;;;;;;;;;;;;;;;;;;;;;;;;;;;;;;;;;;;;;;;;;;;;;;;;;;;;;;;;;;;;;;;;;;;;;;;;;;;;;;;;;;;;;;;;;;;;;;;;;;;;;;;;;;;;;;;;;
A - A/D overflow;;;;;;;;;;;;;;;;;;;;;;;;;;;;;;;;;;;;;;;;;;;;;;;;;;;;;;;;;;;;;;;;;;;;;;;;;;;;;;;;;;;;;;;;;;;;;;;;;;;;;;;;;;;;;;;;;;;;;;;;;;;;;;;;;;;;;;;;;;;;;;;;;;;;;;;;;;;;;;;;;
;;;;;;;;;;;;;;;;;;;;;;;;;;;;;;;;;;;;;;;;;;;;;;;;;;;;;;;;;;;;;;;;;;;;;;;;;;;;;;;;;;;;;;;;;;;;;;;;;;;;;;;;;;;;;;;;;;;;;;;;;;;;;;;;;;;;;;;;;;;;;;;;;;;;;;;;;;;;;;;;;
;;'E';'P';'G';'T';'A';Date      ;Time (UTC+2);THD U L1 avg [%];THD U L2 avg [%];THD U L3 avg [%];U H 1 L1 avg [V];U H 2 L1 avg [V];U H 3 L1 avg [V];U H 4 L1 avg [V];U H 5 L1 avg [V];U H 6 L1 avg [V];U H 7 L1 avg [V];U H 8 L1 avg [V];U H 9 L1 avg [V];U H 10 L1 avg [V];U H 11 L1 avg [V];U H 12 L1 avg [V];U H 13 L1 avg [V];U H 14 L1 avg [V];U H 15 L1 avg [V];U H 16 L1 avg [V];U H 17 L1 avg [V];U H 18 L1 avg [V];U H 19 L1 avg [V];U H 20 L1 avg [V];U H 21 L1 avg [V];U H 22 L1 avg [V];U H 23 L1 avg [V];U H 24 L1 avg [V];U H 25 L1 avg [V];U H 26 L1 avg [V];U H 27 L1 avg [V];U H 28 L1 avg [V];U H 29 L1 avg [V];U H 30 L1 avg [V];U H 31 L1 avg [V];U H 32 L1 avg [V];U H 33 L1 avg [V];U H 34 L1 avg [V];U H 35 L1 avg [V];U H 36 L1 avg [V];U H 37 L1 avg [V];U H 38 L1 avg [V];U H 39 L1 avg [V];U H 40 L1 avg [V];U H 41 L1 avg [V];U H 42 L1 avg [V];U H 43 L1 avg [V];U H 44 L1 avg [V];U H 45 L1 avg [V];U H 46 L1 avg [V];U H 47 L1 avg [V];U H 48 L1 avg [V];U H 49 L1 avg [V];U H 50 L1 avg [V];U H 1 L2 avg [V];U H 2 L2 avg [V];U H 3 L2 avg [V];U H 4 L2 avg [V];U H 5 L2 avg [V];U H 6 L2 avg [V];U H 7 L2 avg [V];U H 8 L2 avg [V];U H 9 L2 avg [V];U H 10 L2 avg [V];U H 11 L2 avg [V];U H 12 L2 avg [V];U H 13 L2 avg [V];U H 14 L2 avg [V];U H 15 L2 avg [V];U H 16 L2 avg [V];U H 17 L2 avg [V];U H 18 L2 avg [V];U H 19 L2 avg [V];U H 20 L2 avg [V];U H 21 L2 avg [V];U H 22 L2 avg [V];U H 23 L2 avg [V];U H 24 L2 avg [V];U H 25 L2 avg [V];U H 26 L2 avg [V];U H 27 L2 avg [V];U H 28 L2 avg [V];U H 29 L2 avg [V];U H 30 L2 avg [V];U H 31 L2 avg [V];U H 32 L2 avg [V];U H 33 L2 avg [V];U H 34 L2 avg [V];U H 35 L2 avg [V];U H 36 L2 avg [V];U H 37 L2 avg [V];U H 38 L2 avg [V];U H 39 L2 avg [V];U H 40 L2 avg [V];U H 41 L2 avg [V];U H 42 L2 avg [V];U H 43 L2 avg [V];U H 44 L2 avg [V];U H 45 L2 avg [V];U H 46 L2 avg [V];U H 47 L2 avg [V];U H 48 L2 avg [V];U H 49 L2 avg [V];U H 50 L2 avg [V];U H 1 L3 avg [V];U H 2 L3 avg [V];U H 3 L3 avg [V];U H 4 L3 avg [V];U H 5 L3 avg [V];U H 6 L3 avg [V];U H 7 L3 avg [V];U H 8 L3 avg [V];U H 9 L3 avg [V];U H 10 L3 avg [V];U H 11 L3 avg [V];U H 12 L3 avg [V];U H 13 L3 avg [V];U H 14 L3 avg [V];U H 15 L3 avg [V];U H 16 L3 avg [V];U H 17 L3 avg [V];U H 18 L3 avg [V];U H 19 L3 avg [V];U H 20 L3 avg [V];U H 21 L3 avg [V];U H 22 L3 avg [V];U H 23 L3 avg [V];U H 24 L3 avg [V];U H 25 L3 avg [V];U H 26 L3 avg [V];U H 27 L3 avg [V];U H 28 L3 avg [V];U H 29 L3 avg [V];U H 30 L3 avg [V];U H 31 L3 avg [V];U H 32 L3 avg [V];U H 33 L3 avg [V];U H 34 L3 avg [V];U H 35 L3 avg [V];U H 36 L3 avg [V];U H 37 L3 avg [V];U H 38 L3 avg [V];U H 39 L3 avg [V];U H 40 L3 avg [V];U H 41 L3 avg [V];U H 42 L3 avg [V];U H 43 L3 avg [V];U H 44 L3 avg [V];U H 45 L3 avg [V];U H 46 L3 avg [V];U H 47 L3 avg [V];U H 48 L3 avg [V];U H 49 L3 avg [V];U H 50 L3 avg [V]
;;   ;   ;   ;   ;   ;17.10.2019;10:50:00.004;1,59;1,55;1,51;235,02;0,0374;0,3113;0,0249;3,0759;0,0872;2,0174;0,0374;0,1992;0,0374;0,3611;0,0374;0,3238;0,0374;0,0747;0,0374;0,1743;0,0498;0,0872;0,0249;0,1121;0,0374;0,0872;0,0125;0,0498;0,0249;0,0125;0,0125;0,0249;0,0125;0,0249;0,0125;0,0125;0,0125;0,0125;0,0125;0,0125;0,0125;0,0125;0,0125;0,0125;0;0,0249;0;0,0125;0;0,0125;0;0,0125;0;235,37;0,0374;0,274;0,0747;2,9638;0,0249;2,0423;0,0623;0,2242;0,0249;0,3487;0,0374;0,1992;0,0249;0,0996;0,0374;0,1245;0,0249;0,0996;0,0249;0,1121;0,0249;0,1868;0,0249;0,0747;0,0249;0,0623;0,0249;0,0249;0,0125;0,0249;0,0125;0,0249;0,0125;0,0374;0,0125;0,0249;0,0125;0,0125;0,0125;0,0249;0,0125;0,0125;0,0125;0;0,0125;0,0125;0;0,0125;0;235,36;0,0249;0,2117;0,0623;2,8891;0,0249;1,9676;0,0498;0,2242;0,0374;0,386;0,0249;0,2366;0,0249;0,0747;0,0374;0,1868;0,0249;0,1245;0,0249;0,2117;0,0374;0,1743;0,0249;0,0872;0,0249;0,0374;0,0249;0,0125;0,0249;0,0498;0,0249;0,0249;0,0125;0,0374;0,0125;0,0249;0,0125;0,0125;0,0125;0,0249;0,0125;0;0,0125;0,0125;0,0125;0,0249;0;0,0249;0,0125
;;   ;   ;   ;   ;   ;17.10.2019;11:00:00.038;1,54;1,52;1,45;235,26;0,0249;0,3116;0,0249;2,9668;0,0997;1,9197;0,0374;0,1621;0,0249;0,4238;0,0499;0,349;0,0249;0,0499;0,0374;0,2742;0,0499;0,1247;0,0249;0,0748;0,0249;0,0623;0,0125;0,0623;0,0249;0,0249;0,0125;0,0249;0,0125;0,0125;0,0125;0,0125;0,0125;0,0125;0;0,0125;0,0125;0,0125;0,0125;0,0125;0;0,0249;0;0,0125;0;0,0125;0;0,0125;0;235,67;0,0249;0,2867;0,0623;2,9169;0,0374;1,9571;0,0623;0,2493;0,0249;0,4488;0,0374;0,2119;0,0249;0,0873;0,0374;0,1496;0,0249;0,1496;0,0374;0,1745;0,0249;0,1122;0,0249;0,0623;0,0249;0,0499;0,0249;0,0249;0,0125;0,0125;0,0125;0,0249;0,0125;0,0249;0,0125;0,0125;0,0125;0,0125;0,0125;0,0249;0,0125;0,0125;0,0125;0,0125;0,0125;0,0125;0;0,0125;0;235,65;0,0249;0,2244;0,0623;2,7923;0,0249;1,8324;0,0499;0,2368;0,0374;0,4737;0,0374;0,2368;0,0249;0,0499;0,0374;0,2119;0,0249;0,1371;0,0374;0,1621;0,0374;0,0873;0,0249;0,0748;0,0249;0,0374;0,0249;0,0249;0,0249;0,0374;0,0249;0,0249;0,0125;0,0374;0,0125;0,0249;0,0125;0,0125;0,0125;0,0249;0,0125;0,0125;0,0125;0,0125;0,0125;0,0125;0;0,0125;0,0125
;;   ;   ;   ;   ;   ;17.10.2019;11:10:00.163;1,58;1,53;1,46;235,1;0,025;0,3368;0,025;3,0565;0,0873;1,9711;0,0374;0,1747;0,0374;0,4242;0,0374;0,3244;0,025;0,0624;0,0374;0,1871;0,0374;0,0998;0,025;0,0624;0,025;0,0624;0,0125;0,0624;0,025;0,0125;0,0125;0,025;0,0125;0,0125;0,0125;0,0125;0,0125;0,0125;0,0125;0,0125;0,0125;0,0125;0,0125;0,0125;0;0,0125;0;0;0;0,0125;0;0,0125;0;235,81;0,025;0,2869;0,0624;2,9193;0,0374;1,9961;0,0624;0,237;0,025;0,3992;0,025;0,1622;0,025;0,0749;0,0374;0,1497;0,0374;0,1497;0,025;0,1372;0,025;0,1497;0,025;0,0624;0,025;0,0624;0,0125;0,025;0,0125;0,0125;0,0125;0,025;0,0125;0,025;0,0125;0,0125;0,0125;0,0125;0,0125;0,025;0,0125;0,0125;0,0125;0,0125;0,0125;0,0125;0;0,0125;0;235,78;0,025;0,2121;0,0749;2,7945;0,025;1,9088;0,0499;0,2495;0,0374;0,4741;0,025;0,1871;0,025;0,0749;0,0374;0,1996;0,025;0,0624;0,0374;0,1248;0,0374;0,0873;0,025;0,0624;0,025;0,0499;0,025;0,0374;0,025;0,0374;0,025;0,0125;0,0125;0,0374;0,0125;0,025;0,0125;0,0125;0,0125;0,025;0,0125;0,0125;0,0125;0,0125;0,0125;0,0125;0;0,0125;0,0125
;;   ;x;   ;   ;   ;17.10.2019;11:20:00.167;1,56;1,51;1,45;234,78;0,0249;0,3612;0,0249;3,0763;0,0996;1,8806;0,0249;0,2117;0,0374;0,411;0,0374;0,274;0,0249;0,0623;0,0498;0,1744;0,0374;0,1245;0,0249;0,0747;0,0249;0,0623;0,0125;0,0747;0,0249;0,0125;0,0125;0,0249;0,0125;0,0249;0,0125;0,0125;0,0125;0,0125;0,0125;0,0125;0,0125;0,0125;0,0125;0,0125;0;0,0125;0;0;0;0,0125;0;0,0125;0;235,47;0,0374;0,2865;0,0498;2,9393;0,0374;1,9055;0,0623;0,2865;0,0249;0,3861;0,0374;0,137;0,0249;0,0872;0,0374;0,0872;0,0374;0,1868;0,0249;0,137;0,0249;0,137;0,0249;0,0623;0,0249;0,0623;0,0125;0,0249;0,0125;0,0125;0,0125;0,0249;0,0125;0,0249;0,0125;0,0125;0,0125;0,0125;0,0125;0,0249;0,0125;0,0125;0,0125;0,0125;0,0125;0,0125;0;0,0125;0;235,39;0,0249;0,2117;0,0747;2,8023;0,0249;1,8433;0,0498;0,2366;0,0374;0,4733;0,0249;0,137;0,0249;0,0872;0,0374;0,1495;0,0249;0,0623;0,0249;0,137;0,0374;0,1245;0,0249;0,0623;0,0249;0,0374;0,0249;0,0374;0,0249;0,0249;0,0249;0,0125;0,0125;0,0374;0,0125;0,0249;0,0125;0,0125;0,0125;0,0249;0,0125;0,0125;0,0125;0,0125;0,0125;0,0125;0;0,0125;0,0125
;;   ;   ;   ;   ;   ;17.10.2019;11:30:00.168;1,65;1,59;1,5;234,51;0,0249;0,3605;0,0249;3,2573;0,0995;1,9395;0,0249;0,1243;0,0249;0,4351;0,0497;0,2984;0,0249;0,0995;0,0497;0,1989;0,0249;0,1243;0,0373;0,0622;0,0249;0,0622;0,0124;0,087;0,0249;0,0249;0,0249;0,0249;0,0124;0,0124;0,0124;0,0124;0,0124;0,0124;0,0124;0,0124;0,0124;0,0124;0,0124;0,0124;0;0,0124;0;0;0;0,0124;0;0,0124;0;235,07;0,0249;0,3357;0,0746;3,1081;0,0249;1,9395;0,0622;0,2735;0,0249;0,4103;0,0373;0,1989;0,0249;0,0746;0,0373;0,1119;0,0373;0,1865;0,0249;0,1243;0,0249;0,0995;0,0249;0,0622;0,0249;0,0622;0,0249;0,0124;0,0124;0,0249;0,0124;0,0249;0,0124;0,0373;0,0124;0,0124;0,0124;0,0124;0,0124;0,0249;0,0124;0,0124;0,0124;0,0124;0,0124;0,0124;0;0,0124;0;235;0,0249;0,2859;0,0746;2,9341;0,0249;1,8276;0,0497;0,2114;0,0373;0,4724;0,0249;0,1865;0,0249;0,087;0,0373;0,2611;0,0249;0,0746;0,0373;0,1243;0,0373;0,1616;0,0249;0,0497;0,0249;0,0373;0,0249;0,0249;0,0249;0,0124;0,0124;0,0249;0,0124;0,0373;0,0124;0,0124;0,0124;0,0249;0,0124;0,0373;0,0124;0,0124;0,0124;0,0124;0,0124;0,0124;0;0,0124;0,0124
;;   ;   ;   ;x;   ;17.10.2019;11:40:00.059;1,58;1,51;1,41;234,86;0,0249;0,3238;0,0249;3,0634;0,1121;1,9177;0,0249;0,137;0,0249;0,4358;0,0498;0,3985;0,0125;0,0872;0,0623;0,1743;0,0249;0,1121;0,0374;0,0498;0,0249;0,0747;0,0125;0,0747;0,0125;0,0125;0,0125;0,0249;0,0125;0,0125;0,0125;0,0125;0,0125;0,0249;0;0,0125;0,0125;0,0125;0,0125;0,0125;0;0,0125;0;0,0125;0;0,0125;0;0,0125;0;235,41;0,0374;0,3238;0,0747;2,914;0,0249;1,8804;0,0623;0,2615;0,0249;0,4234;0,0374;0,2491;0,0249;0,0747;0,0374;0,1245;0,0374;0,1992;0,0249;0,1121;0,0249;0,1494;0,0249;0,0623;0,0249;0,0623;0,0249;0,0249;0,0125;0,0249;0,0125;0,0249;0,0125;0,0374;0,0125;0,0125;0,0125;0,0125;0,0125;0,0249;0,0125;0,0249;0,0125;0,0125;0,0125;0,0125;0,0125;0,0125;0;235,4;0,0249;0,2366;0,0747;2,7272;0,0249;1,7558;0,0498;0,2491;0,0374;0,4732;0,0249;0,2491;0,0249;0,0872;0,0374;0,2242;0,0249;0,1121;0,0374;0,1245;0,0374;0,1743;0,0249;0,0498;0,0249;0,0623;0,0249;0,0249;0,0249;0,0249;0,0249;0,0249;0,0125;0,0498;0,0125;0,0249;0,0125;0,0249;0,0125;0,0374;0,0125;0,0125;0,0125;0,0125;0,0125;0,0125;0;0,0125;0,0125
;;   ;   ;   ;   ;   ;17.10.2019;11:50:00.163;1,52;1,43;1,34;234,58;0,0373;0,3485;0,0249;2,7756;0,1245;2,0537;0,0249;0,1618;0,0498;0,4232;0,0498;0,4979;0,0249;0,1494;0,0622;0,224;0,0622;0,0996;0,0249;0,0747;0,0373;0,0871;0,0124;0,0498;0,0249;0,0124;0,0124;0,0249;0,0124;0,0249;0,0124;0,0124;0,0124;0,0124;0,0124;0,0249;0,0124;0,0124;0,0124;0,0124;0;0,0124;0;0,0124;0;0,0124;0;0,0124;0;235,27;0,0249;0,2987;0,0622;2,6387;0,0373;1,9417;0,0622;0,2863;0,0249;0,3858;0,0373;0,2987;0,0249;0,0747;0,0373;0,224;0,0373;0,1494;0,0249;0,1867;0,0249;0,112;0,0249;0,0747;0,0249;0,0871;0,0249;0,0373;0,0124;0,0249;0,0124;0,0249;0,0124;0,0498;0,0124;0,0124;0,0124;0,0124;0,0124;0,0249;0,0124;0,0124;0,0124;0,0124;0,0124;0,0124;0,0124;0,0124;0;235,29;0,0249;0,2365;0,0747;2,3898;0,0249;1,8919;0,0498;0,2863;0,0373;0,4232;0,0498;0,3112;0,0498;0,0871;0,0373;0,2987;0,0373;0,2365;0,0373;0,2489;0,0498;0,1867;0,0249;0,0996;0,0249;0,0498;0,0249;0,0622;0,0249;0,0373;0,0249;0,0249;0,0124;0,0498;0,0124;0,0373;0,0124;0,0124;0,0124;0,0373;0,0124;0,0249;0,0124;0,0124;0,0124;0,0124;0;0,0124;0,0124
;;   ;   ;   ;   ;   ;17.10.2019;12:00:00.019;1,53;1,45;1,38;235,2;0,0624;0,3493;0,0624;2,8069;0,1372;2,1457;0,0374;0,1871;0,0499;0,237;0,0499;0,3992;0,0374;0,1248;0,0749;0,1248;0,0749;0,1372;0,025;0,0749;0,0374;0,0624;0,0125;0,0374;0,025;0,0125;0,0125;0,025;0,0125;0,025;0,0125;0,0125;0,0125;0,025;0,0125;0,025;0,0125;0,0125;0,0125;0,0125;0;0,0125;0;0,0125;0;0,0125;0;0,0125;0;235,77;0,0374;0,2745;0,0749;2,6572;0,0374;2,0335;0,0624;0,2869;0,025;0,262;0,0374;0,1996;0,0374;0,0998;0,0374;0,2121;0,0374;0,1622;0,0374;0,1871;0,0374;0,1248;0,025;0,0749;0,025;0,0873;0,025;0,0374;0,0125;0,025;0,0125;0,025;0,0125;0,0499;0,0125;0,0125;0,0125;0,0125;0,0125;0,0374;0,0125;0,0125;0;0,0125;0;0,025;0;0,0125;0;235,87;0,0499;0,2246;0,0749;2,4202;0,0374;2,021;0,0374;0,2745;0,0499;0,3618;0,0624;0,237;0,0749;0,0749;0,0624;0,2495;0,0499;0,3618;0,0624;0,262;0,0624;0,1996;0,0499;0,0624;0,025;0,025;0,025;0,0749;0,025;0,0499;0,025;0,0374;0,025;0,0624;0,0125;0,0499;0,0125;0,0125;0,0125;0,0374;0,0125;0,025;0,0125;0,0125;0,0125;0,0125;0;0,0125;0,0125
;;x;   ;   ;   ;x;17.10.2019;12:10:00.073;1,58;1,49;1,42;235,87;0,05;0,3124;0,0375;2,8362;0,1124;2,299;0,025;0,1749;0,0375;0,2999;0,05;0,4248;0,0375;0,1624;0,0875;0,1249;0,0875;0,1;0,025;0,075;0,0375;0,0375;0,0125;0,0375;0,025;0,0125;0,025;0,0375;0,0125;0,025;0,0125;0,0125;0,0125;0,025;0,0125;0,025;0,0125;0;0,0125;0,0125;0;0,0125;0;0,0125;0;0,0125;0;0,0125;0;236,18;0,05;0,2874;0,075;2,6363;0,0375;2,199;0,0625;0,2624;0,0375;0,3748;0,05;0,2374;0,05;0,1124;0,0375;0,2374;0,0375;0,1124;0,05;0,1499;0,0375;0,1124;0,0125;0,0625;0,025;0,0875;0,025;0,0375;0,0125;0,025;0,0125;0,025;0,0125;0,05;0,0125;0,0125;0,0125;0,0125;0,0125;0,0375;0,0125;0,0125;0,0125;0,0125;0;0,025;0;0,0125;0;236,28;0,0625;0,2499;0,075;2,4239;0,05;2,1865;0,0375;0,2624;0,05;0,4373;0,075;0,2749;0,075;0,05;0,0625;0,2374;0,0375;0,2624;0,0625;0,2249;0,0625;0,1749;0,0375;0,075;0,0375;0,025;0,025;0,075;0,025;0,0375;0,025;0,025;0,025;0,05;0,0125;0,0375;0,0125;0,0125;0,0125;0,0375;0,0125;0,025;0,0125;0,0125;0,0125;0,0125;0;0,0125;0,0125
;;   ;   ;   ;   ;   ;17.10.2019;12:20:00.096;1,6;1,5;1,4;235,67;0,0375;0,3373;0,0375;2,8862;0,1124;2,2864;0,0125;0,2124;0,0375;0,3498;0,05;0,4873;0,0375;0,1374;0,0875;0,1624;0,075;0,1249;0,025;0,075;0,0375;0,0375;0,0125;0,025;0,0125;0,025;0,0125;0,0375;0,0125;0,0125;0,0125;0,0125;0,0125;0,025;0,0125;0,025;0,0125;0;0,0125;0,0125;0;0,0125;0;0,0125;0;0,0125;0;0,0125;0;236,14;0,0375;0,3124;0,075;2,6738;0,0375;2,174;0,0625;0,2874;0,0375;0,4123;0,0625;0,3248;0,05;0,1124;0,0375;0,2999;0,05;0,1874;0,0625;0,1249;0,0375;0,075;0,0125;0,075;0,025;0,0875;0,025;0,0375;0,0125;0,025;0,025;0,025;0,0125;0,05;0,0125;0,0125;0,0125;0,0125;0,0125;0,025;0,0125;0,0125;0,0125;0,0125;0;0,0125;0;0,0125;0;236,12;0,05;0,2249;0,0875;2,3864;0,05;2,0865;0,0375;0,2124;0,05;0,4498;0,075;0,3248;0,0875;0,075;0,0625;0,3248;0,05;0,3623;0,075;0,3248;0,05;0,0625;0,0375;0,1499;0,025;0,0625;0,0125;0,075;0,0125;0,025;0,025;0,0375;0,025;0,0625;0,0125;0,0125;0,0125;0,025;0,0125;0,0375;0,0125;0,0125;0,0125;0,0125;0,0125;0,0125;0;0,0125;0,0125
;;   ;   ;   ;   ;   ;17.10.2019;12:30:00.141;1,58;1,52;1,43;235,9;0,0375;0,3;0,025;2,8878;0,1125;2,2253;0,025;0,2125;0,025;0,2625;0,0625;0,5626;0,0375;0,125;0,0875;0,275;0,075;0,15;0,0375;0,1;0,025;0,05;0,0125;0,0375;0,0125;0,0125;0,025;0,05;0,0125;0,025;0,0125;0,0125;0,0125;0,025;0,0125;0,025;0,0125;0,0125;0,0125;0,0125;0;0,0125;0;0,0125;0;0,0125;0;0,0125;0;236,26;0,05;0,325;0,075;2,7503;0,05;2,1627;0,0625;0,2625;0,0375;0,3;0,05;0,35;0,05;0,125;0,05;0,3375;0,05;0,15;0,0625;0,1625;0,0375;0,075;0,025;0,075;0,025;0,075;0,025;0,0375;0,0125;0,025;0,0125;0,025;0,0125;0,05;0,0125;0,0125;0,0125;0,0125;0,0125;0,025;0,0125;0,025;0,0125;0,0125;0,0125;0,0125;0;0,0125;0;236,23;0,05;0,2125;0,075;2,4878;0,0375;2,1127;0,0375;0,275;0,0375;0,3125;0,0625;0,3875;0,075;0,0625;0,0625;0,35;0,0375;0,35;0,0625;0,3;0,05;0,0875;0,0375;0,1125;0,025;0,0625;0,0125;0,0875;0,0125;0,0125;0,025;0,0375;0,025;0,0625;0,0125;0,025;0,0125;0,025;0,0125;0,025;0,0125;0,025;0,0125;0,0125;0,0125;0,0125;0;0,025;0,0125
;;   ;   ;   ;x;   ;17.10.2019;12:40:00.173;1,63;1,52;1,49;236,34;0,0376;0,3505;0,0376;3,0044;0,1127;2,2909;0,0376;0,1753;0,025;0,338;0,0626;0,4006;0,0376;0,0751;0,0876;0,1753;0,0751;0,1252;0,0376;0,1001;0,025;0,0626;0,0125;0,0376;0,0125;0,0125;0,025;0,0376;0,0125;0,025;0,0125;0,025;0,0125;0,025;0,0125;0,025;0,0125;0,0125;0,0125;0,025;0;0,0125;0;0,0125;0;0,0125;0;0,0125;0;236,64;0,0626;0,2629;0,0876;2,7916;0,0376;2,1532;0,0626;0,2504;0,0376;0,3881;0,0501;0,1878;0,0376;0,1502;0,0376;0,2504;0,0501;0,2003;0,0501;0,1627;0,025;0,0751;0,0125;0,0751;0,025;0,0751;0,025;0,025;0,0125;0,025;0,0125;0,0125;0,0125;0,0376;0,0125;0,0125;0,0125;0,0125;0,0125;0,025;0,0125;0,0125;0,0125;0,0125;0;0,0125;0;0,0125;0;236,61;0,0376;0,2003;0,0751;2,5913;0,0376;2,2158;0,0376;0,3004;0,0501;0,4757;0,0626;0,2504;0,0626;0,0626;0,0501;0,2003;0,0501;0,2629;0,0751;0,313;0,0501;0,1127;0,0376;0,1001;0,025;0,0626;0,0125;0,0501;0,025;0,025;0,025;0,0376;0,0125;0,0501;0,0125;0,025;0,0125;0,0125;0,0125;0,025;0,0125;0,0125;0,0125;0,0125;0,0125;0,0125;0;0,0125;0
;;x;x;x;x;x;17.10.2019;12:50:00.128;1,53;1,45;1,42;236,04;0,0376;0,3255;0,0376;2,8419;0,1002;2,1033;0,0376;0,1628;0,025;0,313;0,0501;0,3881;0,0125;0,1127;0,0751;0,2504;0,025;0,2003;0,0501;0,0876;0,025;0,0501;0,025;0,0501;0,0125;0,0125;0,025;0,025;0,0125;0,025;0,0125;0,0125;0,0125;0,0125;0,0125;0,025;0,0125;0;0,0125;0,0125;0;0,0125;0;0;0;0,0125;0;0,0125;0;236,62;0,0501;0,3255;0,0876;2,6666;0,0501;2,0031;0,0751;0,2379;0,025;0,3881;0,025;0,1628;0,025;0,1252;0,0501;0,2754;0,0376;0,3005;0,0376;0,1502;0,0125;0,1252;0,0125;0,0501;0,025;0,0876;0,025;0,025;0,0125;0,025;0,0125;0,025;0,0125;0,0376;0,0125;0,0125;0,0125;0,0125;0,0125;0,025;0,0125;0,0125;0,0125;0,0125;0,0125;0,0125;0;0,0125;0;236,52;0,025;0,2504;0,0626;2,554;0,025;2,0407;0,0501;0,313;0,025;0,4757;0,025;0,2128;0,025;0,0501;0,0376;0,2003;0,025;0,1753;0,0376;0,2128;0,0376;0,1377;0,025;0,0751;0,025;0,0751;0,0125;0,0501;0,0125;0,0125;0,0125;0,0376;0,0125;0,0501;0,0125;0,0125;0,0125;0,025;0,0125;0,025;0,0125;0,025;0,0125;0,0125;0;0,0125;0;0,025;0
;;   ;   ;   ;   ;   ;17.10.2019;13:00:00.125;1,52;1,46;1,42;235,86;0,025;0,3625;0,025;2,8373;0,1;2,0873;0,0375;0,1375;0,025;0,325;0,05;0,425;0,0125;0,1125;0,075;0,225;0,025;0,1625;0,0375;0,1;0,025;0,05;0,025;0,05;0,0125;0,025;0,025;0,025;0,0125;0,025;0,0125;0,0125;0,0125;0,0125;0,0125;0,025;0,0125;0,0125;0,0125;0,0125;0;0,0125;0;0,0125;0;0,0125;0;0,0125;0;236,31;0,05;0,3625;0,1;2,6623;0,05;2,0373;0,075;0,2375;0,025;0,4875;0,025;0,175;0,025;0,1125;0,0375;0,225;0,025;0,2875;0,025;0,125;0,025;0,0875;0,0125;0,0625;0,025;0,075;0,025;0,0375;0,0125;0,025;0,0125;0,025;0,0125;0,0375;0,0125;0,0125;0,0125;0,0125;0,0125;0,025;0,0125;0,0125;0,0125;0,0125;0,0125;0,0125;0;0,0125;0;236,31;0,025;0,3;0,0625;2,5373;0,025;2,0498;0,05;0,325;0,025;0,525;0,025;0,225;0,0375;0,05;0,0375;0,175;0,025;0,225;0,0375;0,2375;0,0375;0,0875;0,025;0,075;0,025;0,075;0,025;0,05;0,0125;0,025;0,0125;0,025;0,0125;0,0375;0,0125;0,025;0,0125;0,025;0,0125;0,025;0,0125;0,025;0,0125;0,0125;0;0,0125;0;0,0125;0
;;x;   ;   ;   ;   ;17.10.2019;13:10:00.046;1,57;1,49;1,42;235,92;0,0375;0,3126;0,025;3,0262;0,1;2,0133;0,0375;0,1626;0,025;0,3251;0,05;0,4627;0,025;0,1751;0,0875;0,1751;0,0625;0,1251;0,0375;0,0875;0,025;0,05;0,0125;0,05;0,0125;0,025;0,025;0,025;0,0125;0,025;0,0125;0,0125;0,0125;0,0125;0,0125;0,025;0,0125;0,0125;0,0125;0,0125;0;0,0125;0;0,0125;0;0,0125;0;0;0;236,31;0,0625;0,3501;0,075;2,8387;0,05;1,9133;0,0625;0,2376;0,0375;0,4502;0,0375;0,2126;0,025;0,1251;0,0375;0,2626;0,0375;0,2126;0,0375;0,1626;0,0375;0,1;0,0125;0,075;0,025;0,075;0,025;0,025;0,025;0,025;0,0125;0,025;0,0125;0,0375;0,0125;0,0125;0,0125;0,0125;0,0125;0,0375;0,0125;0,0125;0,0125;0,0125;0;0,0125;0,0125;0,0125;0;236,37;0,0375;0,2501;0,0625;2,6511;0,0375;1,9133;0,0375;0,3251;0,0375;0,5377;0,05;0,2626;0,0625;0,05;0,05;0,1125;0,0375;0,1251;0,05;0,1376;0,05;0,1;0,025;0,05;0,025;0,0375;0,0125;0,025;0,0125;0,0375;0,025;0,0125;0,0125;0,025;0,0125;0,025;0,0125;0,0125;0,0125;0,0375;0,0125;0,0125;0,0125;0,0125;0,0125;0,0125;0;0,0125;0
;;   ;   ;   ;   ;   ;17.10.2019;13:20:00.183;1,57;1,48;1,46;236,24;0,0376;0,2879;0,0376;3,0546;0,1127;1,9905;0,0376;0,1127;0,0376;0,2379;0,0501;0,363;0,025;0,1878;0,0876;0,1878;0,0501;0,1502;0,0376;0,1127;0,025;0,0626;0,025;0,0626;0,0125;0,025;0,025;0,0125;0,0125;0,025;0,0125;0,0125;0,0125;0,0125;0,0125;0,025;0,0125;0,0125;0,0125;0,0125;0;0,0125;0;0,0125;0;0,0125;0;0;0;236,66;0,0501;0,3255;0,0751;2,8668;0,0501;1,9029;0,0626;0,2253;0,0376;0,3756;0,0376;0,1502;0,0376;0,1502;0,0376;0,2253;0,0376;0,1878;0,0376;0,1502;0,0376;0,1252;0,025;0,0751;0,025;0,0626;0,025;0,0376;0,025;0,025;0,0125;0,025;0,0125;0,0376;0,0125;0,0125;0,0125;0,0125;0,0125;0,0376;0,0125;0,0125;0,0125;0,0125;0,0125;0,0125;0;0,0125;0;236,61;0,0376;0,2754;0,0626;2,7667;0,025;1,9529;0,0376;0,313;0,025;0,4632;0,0501;0,2128;0,0501;0,0501;0,0501;0,1002;0,0376;0,0876;0,0501;0,1377;0,0626;0,1002;0,0376;0,0501;0,025;0,0626;0,0125;0,025;0,0125;0,0501;0,025;0,0125;0,0125;0,0376;0,0125;0,0376;0,0125;0,0125;0,0125;0,025;0,0125;0,025;0,0125;0,0125;0,0125;0,0125;0;0,0125;0,0125
;;   ;   ;   ;   ;   ;17.10.2019;13:30:00.166;1,59;1,48;1,47;236,77;0,0376;0,2634;0,0376;3,1608;0,1129;1,9441;0,0376;0,1505;0,0502;0,2007;0,0502;0,439;0,0376;0,1756;0,1003;0,2383;0,0502;0,1631;0,0376;0,1129;0,0376;0,0502;0,0251;0,0627;0,0125;0,0251;0,0251;0,0251;0,0125;0,0376;0,0125;0,0125;0,0125;0,0125;0,0125;0,0251;0,0125;0;0,0125;0,0125;0;0,0125;0;0;0;0,0125;0;0,0125;0;237,2;0,0502;0,3261;0,0878;2,8723;0,0502;1,894;0,0627;0,2509;0,0376;0,3261;0,0376;0,2007;0,0376;0,1505;0,0376;0,2759;0,0376;0,1631;0,0502;0,1505;0,0376;0,138;0,0251;0,0627;0,0251;0,0502;0,0251;0,0376;0,0125;0,0251;0,0125;0,0376;0,0125;0,0376;0,0125;0,0251;0,0125;0,0125;0,0125;0,0376;0,0125;0,0125;0;0,0125;0,0125;0,0125;0,0125;0,0125;0,0125;237,05;0,0376;0,301;0,0627;2,8347;0,0251;1,919;0,0376;0,2759;0,0376;0,4139;0,0502;0,2634;0,0627;0,0502;0,0502;0,1505;0,0376;0,1881;0,0502;0,1631;0,0627;0,1254;0,0376;0,0627;0,0251;0,0627;0,0125;0,0251;0,0251;0,0502;0,0251;0,0125;0,0125;0,0376;0,0125;0,0376;0,0125;0,0125;0,0125;0,0251;0,0125;0,0251;0,0125;0,0125;0,0125;0,0125;0,0125;0,0125;0,0125
;;   ;x;x;x;   ;17.10.2019;13:40:00.114;1,53;1,43;1,4;236,56;0,0377;0,2636;0,0377;2,8993;0,113;2,0458;0,0377;0,2134;0,0502;0,3138;0,0502;0,3891;0,0251;0,1004;0,1004;0,1632;0,0502;0,113;0,0377;0,113;0,0377;0,0879;0,0251;0,0753;0,0126;0,0126;0,0126;0,0251;0,0126;0,0251;0,0126;0,0126;0,0126;0,0251;0,0126;0,0251;0,0126;0,0126;0,0126;0,0126;0;0,0126;0;0,0126;0;0,0126;0;0,0126;0;237,18;0,0377;0,3514;0,0879;2,6733;0,0502;1,9705;0,0628;0,251;0,0377;0,3514;0,0251;0,2134;0,0377;0,1255;0,0502;0,2259;0,0377;0,113;0,0377;0,1004;0,0377;0,1883;0,0251;0,0502;0,0251;0,0502;0,0251;0,0377;0,0126;0,0126;0,0126;0,0377;0,0126;0,0377;0,0126;0,0251;0,0126;0,0126;0,0126;0,0377;0,0126;0,0251;0;0,0126;0;0,0126;0,0126;0,0126;0,0126;237,19;0,0377;0,3389;0,0628;2,5729;0,0251;1,9579;0,0377;0,2636;0,0377;0,4267;0,0377;0,251;0,0502;0,0628;0,0628;0,1757;0,0377;0,1004;0,0377;0,1757;0,0753;0,2008;0,0377;0,0753;0,0251;0,0377;0,0126;0,0502;0,0251;0,0377;0,0251;0,0126;0,0126;0,0502;0,0126;0,0377;0,0126;0,0126;0,0126;0,0251;0,0126;0,0251;0,0126;0;0,0126;0,0126;0;0,0126;0,0126
;;   ;   ;   ;   ;   ;17.10.2019;13:50:00.074;1,56;1,43;1,41;237,56;0,0378;0,2897;0,0378;2,8467;0,126;2,1917;0,0252;0,2267;0,0378;0,3527;0,0504;0,4786;0,0252;0,1134;0,1008;0,3527;0,0504;0,1512;0,063;0,1386;0,0378;0,0882;0,0252;0,0756;0,0126;0,0126;0,0252;0,0378;0,0126;0,0252;0,0126;0,0126;0,0126;0,0252;0,0126;0,0252;0,0126;0,0126;0,0126;0,0126;0;0,0126;0;0,0126;0;0,0126;0;0,0126;0;238,09;0,0378;0,3401;0,0882;2,557;0,0378;2,1035;0,0756;0,2519;0,0378;0,3023;0,0378;0,3023;0,0378;0,126;0,0504;0,3023;0,0378;0,126;0,0378;0,0756;0,0252;0,2015;0,0126;0,063;0,0252;0,063;0,0252;0,0504;0,0126;0,0126;0,0126;0,0378;0,0126;0,0504;0,0126;0,0252;0,0126;0,0126;0,0126;0,0378;0,0126;0,0252;0,0126;0,0126;0,0126;0,0126;0,0126;0,0126;0,0126;238,04;0,0252;0,3527;0,0756;2,4814;0,0252;2,0657;0,0504;0,2519;0,0378;0,3401;0,0378;0,3401;0,0504;0,0378;0,0504;0,3653;0,0252;0,1889;0,0378;0,2015;0,0504;0,2645;0,0252;0,0882;0,0252;0,0252;0,0252;0,063;0,0252;0,0504;0,0252;0,0252;0,0126;0,0504;0,0126;0,0504;0,0126;0,0126;0,0126;0,0126;0,0126;0,0252;0,0126;0;0,0126;0,0126;0,0126;0,0126;0,0126
;;   ;   ;   ;   ;x;17.10.2019;14:00:00.055;1,47;1,39;1,34;234,98;0,0374;0,3363;0,0374;2,591;0,1121;2,155;0,0374;0,2242;0,0498;0,2118;0,0498;0,4235;0,0249;0,1246;0,0623;0,3114;0,0623;0,1495;0,0374;0,0997;0,0374;0,1121;0,0249;0,0623;0,0249;0,0249;0,0249;0,0374;0,0125;0,0249;0,0125;0,0249;0,0125;0,0249;0,0125;0,0249;0,0125;0,0125;0,0125;0,0125;0;0,0125;0;0,0125;0;0,0125;0;0,0125;0;235,48;0,0374;0,3239;0,0747;2,4166;0,0374;2,1052;0,0747;0,2865;0,0374;0,1993;0,0374;0,2118;0,0249;0,1246;0,0498;0,274;0,0498;0,1619;0,0374;0,1121;0,0249;0,1868;0,0249;0,0374;0,0374;0,0623;0,0249;0,0374;0,0125;0,0125;0,0125;0,0249;0,0125;0,0374;0,0125;0,0249;0,0125;0,0125;0,0125;0,0374;0,0125;0,0249;0,0125;0,0125;0,0125;0,0249;0,0125;0,0125;0;235,45;0,0249;0,3239;0,0747;2,2796;0,0249;2,0055;0,0498;0,2616;0,0374;0,2491;0,0374;0,2367;0,0249;0,0498;0,0374;0,3986;0,0249;0,1868;0,0374;0,2491;0,0498;0,2616;0,0249;0,0747;0,0249;0,0374;0,0249;0,0623;0,0125;0,0374;0,0249;0,0374;0,0125;0,0498;0,0125;0,0374;0,0125;0,0125;0,0125;0,0249;0,0125;0,0249;0,0125;0,0125;0,0125;0,0125;0;0,0125;0,0125
;;   ;   ;   ;   ;   ;17.10.2019;14:10:00.005;1,46;1,39;1,32;234,54;0,0497;0,3232;0,0373;2,5484;0,1119;2,1382;0,0373;0,2113;0,0497;0,1865;0,0622;0,4475;0,0373;0,0995;0,0622;0,3605;0,0622;0,1119;0,0497;0,1492;0,0249;0,1367;0,0249;0,087;0,0249;0,0249;0,0249;0,0373;0,0124;0,0249;0,0124;0,0249;0,0124;0,0249;0,0124;0,0249;0,0124;0,0124;0,0124;0,0124;0;0,0124;0;0,0124;0;0,0124;0;0,0124;0;235,07;0,0249;0,3356;0,0746;2,362;0,0249;2,1506;0,0622;0,2611;0,0249;0,1865;0,0249;0,2113;0,0249;0,1492;0,0497;0,2486;0,0373;0,1616;0,0249;0,1119;0,0249;0,2486;0,0249;0,0622;0,0249;0,0746;0,0249;0,0373;0,0124;0,0124;0,0124;0,0249;0,0124;0,0373;0,0124;0,0249;0,0124;0,0124;0,0124;0,0373;0,0124;0,0249;0,0124;0,0124;0,0124;0,0124;0,0124;0,0124;0;234,84;0,0249;0,2984;0,0622;2,1879;0,0249;2,0263;0,0497;0,2611;0,0373;0,2611;0,0373;0,2362;0,0373;0,1243;0,0373;0,3978;0,0249;0,174;0,0373;0,1492;0,0497;0,3729;0,0249;0,0622;0,0249;0,0373;0,0249;0,0373;0,0124;0,0497;0,0249;0,0497;0,0124;0,0497;0,0124;0,0373;0,0124;0,0249;0,0124;0,0249;0,0124;0,0249;0,0124;0,0124;0,0124;0,0124;0;0,0124;0,0124
;;   ;   ;   ;x;   ;17.10.2019;14:20:00.118;1,45;1,39;1,29;234,17;0,0248;0,335;0,0372;2,6674;0,1117;1,9726;0,0372;0,1985;0,0372;0,2978;0,0496;0,3846;0,0248;0,0868;0,062;0,2605;0,0496;0,1117;0,0372;0,1117;0,0248;0,0868;0,0248;0,0744;0,0248;0,0248;0,0248;0,0372;0,0124;0,0248;0,0124;0,0248;0,0124;0,0248;0,0124;0,0248;0,0124;0,0124;0,0124;0,0124;0;0,0124;0;0,0124;0;0,0124;0;0,0124;0;234,63;0,0372;0,3474;0,0744;2,5061;0,0248;1,9726;0,0744;0,2605;0,0248;0,335;0,0372;0,1613;0,0248;0,1241;0,0372;0,2109;0,0496;0,2481;0,0248;0,1117;0,0248;0,1737;0,0248;0,0496;0,0248;0,062;0,0248;0,0372;0,0124;0,0248;0,0124;0,0248;0,0124;0,0372;0,0124;0,0248;0,0124;0,0124;0,0124;0,0248;0,0124;0,0124;0,0124;0,0124;0,0124;0,0124;0;0,0124;0;234,37;0,0248;0,2978;0,0744;2,3076;0,0248;1,8238;0,062;0,2605;0,0372;0,3846;0,0248;0,1737;0,0248;0,1117;0,0372;0,3226;0,0248;0,1365;0,0372;0,0993;0,0372;0,2729;0,0248;0,062;0,0248;0,0248;0,0124;0,0248;0,0124;0,0248;0,0124;0,0248;0,0124;0,0496;0,0124;0,0248;0,0124;0,0248;0,0124;0,0372;0,0124;0,0124;0,0124;0,0124;0,0124;0,0124;0;0,0124;0,0124
;;   ;   ;   ;   ;   ;17.10.2019;14:30:00.033;1,54;1,47;1,37;234,16;0,0372;0,4217;0,0372;2,9394;0,124;1,9596;0,0248;0,2108;0,0248;0,3225;0,0496;0,3721;0,0248;0,0868;0,0868;0,1984;0,0372;0,1116;0,0372;0,0868;0,0248;0,062;0,0248;0,062;0,0124;0,0124;0,0124;0,0248;0,0124;0,0248;0,0124;0,0124;0,0124;0,0248;0;0,0248;0,0124;0,0124;0,0124;0,0248;0;0,0124;0;0,0124;0;0,0124;0;0,0124;0;234,56;0,0372;0,3721;0,062;2,7534;0,0248;1,9348;0,062;0,2729;0,0248;0,3597;0,0372;0,1364;0,0248;0,124;0,0496;0,1612;0,0372;0,2605;0,0372;0,1364;0,0248;0,124;0,0248;0,062;0,0248;0,062;0,0248;0,0372;0,0124;0,0248;0,0124;0,0248;0,0124;0,0248;0,0124;0,0248;0,0124;0,0124;0,0124;0,0248;0,0124;0,0124;0,0124;0,0124;0,0124;0,0124;0,0124;0,0124;0;234,08;0,0248;0,2977;0,062;2,5302;0,0248;1,8232;0,0496;0,2232;0,0372;0,4341;0,0372;0,124;0,0248;0,124;0,0372;0,2481;0,0248;0,0868;0,0248;0,124;0,0372;0,2108;0,0248;0,0372;0,0248;0,0248;0,0248;0,0248;0,0124;0,0124;0,0248;0,0248;0,0124;0,0496;0,0124;0,0248;0,0124;0,0248;0,0124;0,0248;0,0124;0,0124;0,0124;0,0124;0,0124;0,0248;0,0124;0,0124;0,0124
;;   ;   ;   ;   ;   ;17.10.2019;14:40:00.056;1,43;1,43;1,31;233,92;0,0372;0,3717;0,0248;2,6268;0,0991;1,9577;0,0372;0,2478;0,0372;0,1859;0,0372;0,3345;0,0248;0,0991;0,062;0,2726;0,0496;0,1982;0,0248;0,1115;0,0248;0,0743;0,0124;0,0496;0,0124;0,0248;0,0124;0,0496;0,0124;0,0124;0,0124;0,0248;0,0124;0,0248;0;0,0248;0;0,0124;0,0124;0,0124;0;0,0248;0;0,0124;0;0,0124;0;0,0124;0;234,19;0,0372;0,3593;0,062;2,5896;0,0372;1,9949;0,062;0,2974;0,0248;0,2726;0,0372;0,1239;0,0372;0,1363;0,0372;0,1735;0,0372;0,3222;0,0372;0,0991;0,0248;0,1611;0,0248;0,0743;0,0248;0,0743;0,0248;0,0372;0,0124;0,0248;0,0124;0,0248;0,0124;0,0372;0,0124;0,0248;0,0124;0,0124;0,0124;0,0248;0,0124;0,0124;0;0,0124;0;0,0124;0;0,0124;0;233,98;0,0372;0,2726;0,062;2,317;0,0248;1,9081;0,0496;0,1859;0,0372;0,3717;0,0248;0,1611;0,0248;0,1487;0,0372;0,2354;0,0248;0,0991;0,0372;0,1363;0,0372;0,1859;0,0248;0,0743;0,0248;0,0248;0,0248;0,0124;0,0124;0,0124;0,0124;0,0248;0,0124;0,0372;0,0124;0,0248;0,0124;0,0248;0,0124;0,0248;0,0124;0,0248;0,0124;0,0124;0,0124;0,0124;0;0,0124;0,0124
;;   ;   ;   ;   ;   ;17.10.2019;14:50:00.188;1,39;1,42;1,32;233,19;0,0371;0,3709;0,0247;2,646;0,0866;1,7434;0,0495;0,1978;0,0495;0,1978;0,0371;0,1855;0,0247;0,0742;0,0371;0,3091;0,0495;0,2349;0,0247;0,0742;0,0247;0,0989;0,0124;0,0618;0,0124;0,0124;0,0124;0,0247;0,0124;0,0124;0,0124;0,0124;0,0124;0,0247;0;0,0124;0;0,0124;0,0124;0,0124;0;0,0124;0;0,0124;0;0;0;0;0;233,66;0,0247;0,3462;0,0618;2,6954;0,0371;1,8052;0,0742;0,3338;0,0247;0,2844;0,0371;0,0742;0,0247;0,1607;0,0371;0,1113;0,0495;0,3338;0,0371;0,136;0,0124;0,1731;0,0247;0,0989;0,0247;0,0742;0,0124;0,0371;0,0124;0,0247;0,0124;0,0371;0,0124;0,0247;0,0124;0,0124;0,0124;0,0124;0,0124;0,0247;0,0124;0,0124;0;0,0124;0;0,0124;0;0,0124;0;233,54;0,0371;0,2226;0,0618;2,4605;0,0247;1,7434;0,0495;0,1731;0,0371;0,408;0,0371;0,1607;0,0247;0,1113;0,0371;0,1978;0,0247;0,0742;0,0371;0,136;0,0371;0,136;0,0247;0,0495;0,0247;0,0247;0,0124;0,0124;0,0124;0,0124;0,0124;0,0124;0,0124;0,0371;0,0124;0,0247;0,0124;0,0124;0,0124;0,0247;0,0124;0,0247;0,0124;0,0124;0,0124;0,0124;0;0,0124;0,0124
;;   ;   ;   ;   ;   ;17.10.2019;15:00:00.097;1,46;1,45;1,38;234,94;0,0498;0,3984;0,0374;2,7517;0,0996;1,9673;0,0374;0,1743;0,0374;0,1743;0,0374;0,1743;0,0249;0,0747;0,0374;0,249;0,0498;0,1121;0,0249;0,1245;0,0249;0,0498;0,0125;0,0747;0,0125;0,0249;0,0125;0,0249;0,0125;0,0249;0,0125;0,0249;0,0125;0,0249;0;0,0249;0,0125;0,0125;0,0125;0,0125;0;0,0125;0;0,0125;0;0,0125;0;0,0125;0;235,38;0,0249;0,3486;0,0498;2,677;0,0249;2,0171;0,0747;0,3113;0,0249;0,2241;0,0249;0,0623;0,0249;0,137;0,0374;0,1245;0,0374;0,2241;0,0374;0,1992;0,0249;0,0996;0,0249;0,0374;0,0249;0,0872;0,0249;0,0374;0,0125;0,0125;0,0125;0,0374;0,0125;0,0374;0,0125;0,0125;0,0125;0,0249;0,0125;0,0374;0,0125;0,0125;0,0125;0,0125;0,0125;0,0125;0;0,0125;0;235,25;0,0374;0,2864;0,0623;2,5027;0,0374;1,9922;0,0623;0,2117;0,0374;0,3113;0,0374;0,1245;0,0249;0,0996;0,0498;0,1868;0,0249;0,1245;0,0374;0,1245;0,0374;0,0872;0,0249;0,0623;0,0249;0,0374;0,0249;0,0125;0,0249;0,0498;0,0249;0,0125;0,0125;0,0374;0,0125;0,0374;0,0125;0,0125;0,0125;0,0249;0,0125;0,0125;0,0125;0,0125;0,0125;0,0125;0,0125;0,0125;0,0125
;;   ;   ;   ;   ;   ;17.10.2019;15:10:00.164;1,44;1,43;1,31;235,11;0,0374;0,386;0,0249;2,6023;0,0996;2,0295;0,0374;0,1868;0,0249;0,1619;0,0498;0,1868;0,0249;0,0747;0,0498;0,386;0,0374;0,2366;0,0374;0,137;0,0249;0,0498;0,0125;0,0498;0,0125;0,0249;0,0125;0,0374;0,0125;0,0249;0,0125;0,0249;0,0125;0,0249;0;0,0125;0,0125;0,0125;0,0125;0,0249;0;0,0125;0;0,0125;0;0,0125;0;0,0125;0;235,45;0,0374;0,3984;0,0623;2,5524;0,0249;2,0544;0,0747;0,3237;0,0249;0,2117;0,0249;0,137;0,0249;0,0872;0,0498;0,2117;0,0374;0,3237;0,0249;0,1992;0,0125;0,0872;0,0249;0,0623;0,0249;0,0996;0,0125;0,0249;0,0125;0,0249;0,0125;0,0125;0,0125;0,0374;0,0125;0,0249;0,0125;0,0249;0,0125;0,0249;0,0125;0,0249;0,0125;0,0249;0;0,0125;0;0,0249;0;235,41;0,0374;0,2739;0,0623;2,291;0,0249;1,9797;0,0498;0,2366;0,0374;0,2864;0,0374;0,1245;0,0249;0,0872;0,0498;0,249;0,0249;0,1868;0,0374;0,1245;0,0374;0,0872;0,0249;0,0623;0,0249;0,0249;0,0249;0,0374;0,0125;0,0374;0,0249;0,0125;0,0125;0,0374;0,0125;0,0374;0,0125;0,0125;0,0125;0,0249;0,0125;0,0125;0,0125;0,0125;0,0125;0,0125;0;0,0125;0,0125
;;   ;   ;   ;   ;   ;17.10.2019;15:20:00.118;1,42;1,45;1,3;235,54;0,0374;0,4367;0,025;2,5577;0,0998;2,0337;0,0374;0,2121;0,0374;0,287;0,0499;0,1497;0,025;0,0749;0,0624;0,3369;0,0374;0,2745;0,0374;0,1248;0,025;0,0499;0,0125;0,0499;0,0125;0,025;0,0125;0,025;0,0125;0,0125;0,0125;0,025;0,0125;0,025;0;0,025;0;0,0125;0,0125;0,025;0;0,0125;0;0,0125;0;0,0125;0;0,0125;0;235,94;0,0374;0,3868;0,0624;2,5827;0,025;2,0587;0,0624;0,3493;0,025;0,3993;0,0374;0,0873;0,025;0,0998;0,0499;0,1622;0,025;0,3993;0,0374;0,287;0,0125;0,0749;0,025;0,0374;0,025;0,0749;0,025;0,0374;0,0125;0,025;0,0125;0,025;0,0125;0,0374;0,0125;0,0125;0,0125;0,0125;0,0125;0,025;0,0125;0,0125;0,0125;0,0125;0;0,0125;0;0,0125;0;235,75;0,0374;0,262;0,0624;2,2583;0,025;1,9464;0,0499;0,2371;0,0374;0,3868;0,0374;0,0624;0,0374;0,0624;0,0499;0,2371;0,025;0,2246;0,0374;0,1497;0,0374;0,0873;0,025;0,0624;0,025;0,025;0,025;0,025;0,025;0,0374;0,025;0,0125;0,0125;0,0374;0,0125;0,025;0,0125;0,0125;0,0125;0,025;0,0125;0,0125;0,0125;0,0125;0,0125;0,0125;0;0;0,0125
;;   ;   ;   ;   ;   ;17.10.2019;15:30:00.093;1,45;1,42;1,33;235,45;0,0374;0,4116;0,0249;2,669;0,0998;1,9955;0,0374;0,237;0,0374;0,3118;0,0374;0,1621;0,0249;0,0873;0,0499;0,2494;0,0499;0,237;0,0249;0,1497;0,0249;0,0748;0,0125;0,0499;0,0125;0,0374;0,0125;0,0249;0,0125;0,0249;0,0125;0,0249;0,0125;0,0249;0;0,0125;0;0,0125;0,0125;0,0249;0;0,0125;0;0,0125;0;0,0125;0;0,0125;0;235,86;0,0249;0,3118;0,0748;2,5568;0,0249;2,0205;0,0748;0,3118;0,0374;0,3991;0,0249;0,0748;0,0249;0,1372;0,0499;0,1122;0,0374;0,3367;0,0374;0,237;0,0249;0,0873;0,0249;0,0374;0,0249;0,0624;0,0249;0,0374;0,0125;0,0249;0,0125;0,0249;0,0125;0,0374;0,0125;0,0125;0,0125;0,0125;0,0125;0,0249;0,0125;0,0125;0,0125;0,0125;0;0,0125;0;0,0125;0;235,64;0,0249;0,2744;0,0624;2,3822;0,0249;1,8958;0,0499;0,2245;0,0374;0,4989;0,0374;0,1122;0,0374;0,0998;0,0499;0,2494;0,0249;0,1372;0,0374;0,1621;0,0374;0,0998;0,0249;0,0998;0,0249;0,0249;0,0249;0,0125;0,0249;0,0249;0,0249;0,0249;0,0125;0,0374;0,0125;0,0125;0,0125;0,0249;0,0125;0,0374;0,0125;0,0125;0,0125;0,0125;0,0125;0,0125;0,0125;0,0125;0,0125
;;   ;x;   ;x;   ;17.10.2019;15:40:00.119;1,47;1,42;1,31;235,69;0,0375;0,4125;0,025;2,7378;0,075;1,9877;0,0375;0,275;0,05;0,2875;0,025;0,175;0,0375;0,1125;0,0375;0,225;0,0375;0,2;0,025;0,1125;0,025;0,0875;0,0125;0,0625;0,0125;0,0375;0,0125;0,0375;0,0125;0,025;0,0125;0,025;0,0125;0,025;0;0,0125;0,0125;0,025;0,0125;0,025;0;0,0125;0;0,0125;0;0,0125;0;0,0125;0;236,32;0,0375;0,3125;0,0625;2,5753;0,025;2,0252;0,075;0,275;0,0375;0,4251;0,025;0,1;0,025;0,125;0,0375;0,125;0,0375;0,25;0,0375;0,225;0,025;0,125;0,025;0,0625;0,025;0,075;0,025;0,0375;0,0125;0,025;0,0125;0,0125;0,0125;0,0375;0,0125;0,0125;0,0125;0,025;0,0125;0,025;0,0125;0,0125;0,0125;0,025;0;0,0125;0;0,025;0;236,2;0,025;0,325;0,0625;2,3628;0,025;1,8627;0,05;0,225;0,0375;0,4251;0,0375;0,0875;0,025;0,0625;0,0375;0,2625;0,025;0,15;0,0375;0,2625;0,0375;0,1625;0,025;0,125;0,025;0,0375;0,0125;0,025;0,025;0,025;0,025;0,025;0,0125;0,05;0,0125;0,0125;0,0125;0,025;0,0125;0,025;0,0125;0,025;0,0125;0,0125;0,0125;0,0125;0,0125;0,025;0,0125
;;   ;   ;   ;   ;   ;17.10.2019;15:50:00.168;1,47;1,42;1,31;236,43;0,0251;0,3885;0,0251;2,7197;0,0752;2,0304;0,0376;0,2883;0,0501;0,3008;0,0251;0,1755;0,0376;0,0877;0,0376;0,2632;0,0376;0,2131;0,0251;0,1003;0,0251;0,1003;0,0125;0,0501;0,0125;0,0251;0,0125;0,0376;0,0125;0,0125;0,0125;0,0251;0,0125;0,0251;0;0,0125;0,0125;0,0125;0,0125;0,0251;0;0,0125;0;0,0125;0;0,0125;0;0,0125;0;236,9;0,0376;0,3635;0,0752;2,5443;0,0251;2,068;0,0752;0,2883;0,0251;0,4387;0,0251;0,0752;0,0251;0,1253;0,0376;0,1128;0,0376;0,3008;0,0376;0,1755;0,0251;0,0877;0,0251;0,0376;0,0251;0,0627;0,0251;0,0376;0,0125;0,0125;0,0125;0,0251;0,0125;0,0376;0,0125;0,0125;0,0125;0,0125;0,0125;0,0251;0;0,0125;0,0125;0,0125;0;0,0125;0;0,0125;0;237,02;0,0251;0,3509;0,0627;2,3437;0,0376;1,8925;0,0627;0,2256;0,0376;0,3885;0,0376;0,0627;0,0251;0,0376;0,0376;0,2632;0,0251;0,1629;0,0251;0,3384;0,0251;0,188;0,0125;0,1379;0,0251;0,0125;0,0125;0,0376;0,0125;0,0251;0,0125;0,0251;0,0125;0,0501;0,0125;0,0125;0,0125;0,0251;0,0125;0,0125;0,0125;0,0251;0,0125;0,0125;0,0125;0,0125;0;0,0251;0
;;   ;   ;   ;   ;   ;17.10.2019;16:00:00.032;1,5;1,46;1,34;236,23;0,025;0,4254;0,0375;2,7652;0,1126;2,0895;0,025;0,3128;0,0375;0,2252;0,025;0,1627;0,025;0,1501;0,05;0,3003;0,025;0,1752;0,025;0,1001;0,025;0,0626;0,0125;0,0375;0,0125;0,0125;0,0125;0,0375;0,0125;0,0125;0,0125;0,025;0,0125;0,0375;0;0,0125;0,0125;0,025;0,0125;0,0125;0;0,0125;0;0,0125;0;0,0125;0;0,0125;0;236,57;0,0375;0,4129;0,0626;2,6276;0,025;2,1271;0,0626;0,2878;0,025;0,3503;0,025;0,0876;0,025;0,1376;0,0375;0,1376;0,0375;0,2502;0,0375;0,1376;0,025;0,0751;0,025;0,0375;0,025;0,0751;0,0125;0,025;0,0125;0,0125;0,0125;0,0125;0,0125;0,0375;0,0125;0,0125;0,0125;0,0125;0,0125;0,025;0,0125;0,0125;0;0,0125;0;0,0125;0;0,0125;0;236,73;0,0375;0,3503;0,0626;2,4274;0,025;1,9144;0,0626;0,2252;0,0375;0,3128;0,0375;0,05;0,025;0,0751;0,025;0,2377;0,025;0,2127;0,0375;0,2628;0,0375;0,1627;0,0125;0,1001;0,0125;0,025;0,0125;0,025;0,0125;0,0375;0,025;0,0375;0,0125;0,05;0,0125;0,025;0,0125;0,025;0,0125;0,025;0,0125;0,0125;0,0125;0;0;0,0125;0;0,0125;0
;;   ;   ;   ;   ;   ;17.10.2019;16:10:00.175;1,48;1,43;1,31;236;0,0375;0,4001;0,0375;2,6631;0,1125;2,1005;0,025;0,3126;0,0375;0,3251;0,025;0,2876;0,025;0,1125;0,05;0,3126;0,025;0,1625;0,025;0,05;0,025;0,0625;0,0125;0,05;0,0125;0,025;0,0125;0,025;0,0125;0,025;0,0125;0,025;0,0125;0,025;0;0,025;0,0125;0,0125;0,0125;0,025;0;0,0125;0;0,0125;0;0;0;0,0125;0;236,44;0,0375;0,3876;0,0625;2,5381;0,025;2,1255;0,075;0,3126;0,0375;0,3876;0,0375;0,2125;0,025;0,075;0,0375;0,15;0,0375;0,15;0,0375;0,1125;0,0375;0,1;0,025;0,05;0,025;0,075;0,025;0,025;0,0125;0,025;0,0125;0,025;0,0125;0,05;0,0125;0,0125;0,0125;0,0125;0,0125;0,025;0;0,0125;0;0,0125;0;0,0125;0;0,025;0;236,66;0,0375;0,3376;0,0625;2,288;0,025;1,9379;0,0625;0,2;0,0375;0,3876;0,0375;0,1875;0,025;0,1;0,025;0,2751;0,025;0,2125;0,0375;0,2626;0,0375;0,125;0,0125;0,1125;0,0125;0,0375;0,0125;0,05;0,0125;0,05;0,025;0,05;0,0125;0,0625;0,0125;0,025;0,0125;0,025;0,0125;0,0375;0,0125;0,0125;0,0125;0;0;0,0125;0;0,0125;0
;;   ;   ;   ;   ;   ;17.10.2019;16:20:00.004;1,41;1,36;1,26;236,24;0,025;0,413;0,0375;2,4028;0,1126;2,1525;0,025;0,2503;0,025;0,3254;0,025;0,3754;0,025;0,1377;0,0501;0,3379;0,025;0,0751;0,0375;0,0626;0,025;0,0501;0,0125;0,0501;0,0125;0,025;0,0125;0,025;0,0125;0,0375;0,0125;0,025;0,0125;0,025;0,0125;0,0375;0,0125;0,0125;0,0125;0,0125;0,0125;0,0125;0,0125;0,0125;0;0;0;0,0125;0;236,7;0,0375;0,3379;0,0626;2,2651;0,025;2,165;0,0751;0,2878;0,0375;0,2878;0,0375;0,2753;0,025;0,0626;0,0375;0,2503;0,0375;0,1126;0,0375;0,1502;0,025;0,0751;0,025;0,0501;0,025;0,0876;0,025;0,0375;0,0125;0,0125;0,0125;0,0125;0,0125;0,0626;0,0125;0,0125;0,0125;0,0125;0,0125;0,0375;0;0,0125;0;0,0125;0;0,0125;0;0,025;0;236,86;0,025;0,3254;0,0626;2,0524;0,025;2,0023;0,0626;0,2253;0,0375;0,2753;0,0375;0,2378;0,025;0,0876;0,025;0,388;0,025;0,1877;0,0375;0,2878;0,025;0,1752;0,0125;0,0876;0,0125;0,0375;0,0125;0,0626;0,0125;0,0751;0,0125;0,0375;0,0125;0,0751;0,0125;0,0375;0,0125;0,0125;0,0125;0,0375;0,0125;0,0125;0,0125;0;0;0,0125;0;0,0125;0
;;   ;   ;   ;   ;   ;17.10.2019;16:30:00.046;1,46;1,43;1,33;236,72;0,0502;0,5145;0,0502;2,4847;0,1129;2,2588;0,0376;0,2886;0,0376;0,1757;0,0251;0,3263;0,0251;0,1129;0,0502;0,3765;0,0251;0,1506;0,0251;0,1129;0,0251;0,0502;0,0125;0,0376;0,0125;0,0251;0,0125;0,0251;0,0125;0,0251;0,0125;0,0376;0,0125;0,0376;0,0125;0,0376;0,0125;0,0125;0,0125;0,0251;0;0,0125;0,0125;0,0125;0;0,0125;0;0,0125;0;237,32;0,0627;0,3639;0,0753;2,4219;0,1004;2,2713;0,0878;0,3514;0,0376;0,138;0,0376;0,2133;0,0251;0,0753;0,0376;0,2259;0,0376;0,2008;0,0251;0,1506;0,0251;0,0878;0,0251;0,0502;0,0251;0,1004;0,0251;0,0502;0,0125;0,0376;0,0125;0,0251;0,0125;0,0502;0,0125;0,0125;0,0125;0,0251;0,0125;0,0251;0;0,0125;0;0,0125;0;0,0125;0;0,0125;0;237,46;0,0502;0,3514;0,0753;2,1961;0,0878;2,1584;0,0627;0,2259;0,0376;0,138;0,0376;0,2008;0,0251;0,1129;0,0251;0,3765;0,0251;0,2008;0,0251;0,2384;0,0376;0,1882;0,0125;0,1129;0,0125;0,0251;0,0125;0,0627;0,0125;0,0753;0,0125;0,0376;0,0125;0,0753;0,0125;0,0376;0,0125;0,0125;0,0125;0,0251;0,0125;0,0125;0,0125;0,0125;0;0,0125;0;0,0125;0
;;   ;   ;   ;   ;   ;17.10.2019;16:40:00.125;1,39;1,38;1,27;236,46;0,0251;0,4892;0,0376;2,2702;0,1003;2,2201;0,0251;0,2759;0,0376;0,1505;0,0251;0,2634;0,0251;0,138;0,0502;0,3888;0,0376;0,2007;0,0251;0,1003;0,0251;0,0753;0,0125;0,0502;0,0125;0,0251;0,0125;0,0251;0,0125;0,0376;0,0125;0,0376;0,0125;0,0251;0,0125;0,0376;0,0125;0,0125;0,0125;0,0251;0;0,0125;0;0,0125;0;0,0125;0;0,0125;0;237,22;0,0376;0,3387;0,0502;2,2702;0,0251;2,2451;0,0627;0,3261;0,0251;0,138;0,0376;0,2132;0,0251;0,1129;0,0376;0,2383;0,0376;0,2007;0,0251;0,1254;0,0251;0,1129;0,0251;0,0502;0,0251;0,1003;0,0251;0,0251;0,0125;0,0125;0,0125;0,0251;0,0125;0,0502;0,0125;0,0125;0,0125;0,0125;0,0125;0,0251;0;0,0125;0;0,0125;0;0,0125;0;0,0251;0;237,21;0,0251;0,2885;0,0627;1,9441;0,0251;2,1699;0,0502;0,2885;0,0376;0,138;0,0251;0,2132;0,0251;0,1129;0,0251;0,3763;0,0251;0,2132;0,0376;0,1756;0,0251;0,2258;0,0125;0,0878;0,0125;0,0251;0,0125;0,0502;0,0125;0,0753;0,0125;0,0125;0,0125;0,0753;0,0125;0,0502;0,0125;0,0125;0,0125;0,0376;0,0125;0,0251;0,0125;0,0125;0;0,0125;0;0,0125;0
;;   ;   ;   ;   ;   ;17.10.2019;16:50:00.175;1,43;1,45;1,36;236,52;0,0251;0,3516;0,0377;2,5868;0,0879;2,072;0,0251;0,2009;0,0377;0,1632;0,0251;0,1381;0,0251;0,1005;0,0377;0,3391;0,0377;0,1632;0,0251;0,113;0,0251;0,0879;0,0126;0,0628;0,0251;0,0126;0,0251;0,0251;0,0126;0,0377;0,0126;0,0251;0,0126;0,0251;0,0126;0,0251;0,0126;0,0251;0,0126;0,0126;0;0,0126;0;0,0126;0;0,0126;0;0,0126;0;237,39;0,0502;0,3642;0,0502;2,5868;0,0251;2,1724;0,0628;0,3139;0,0377;0,113;0,0377;0,1381;0,0251;0,1507;0,0377;0,1884;0,0377;0,2135;0,0251;0,1005;0,0251;0,113;0,0251;0,0502;0,0251;0,0879;0,0251;0,0377;0,0126;0,0251;0,0126;0,0251;0,0126;0,0377;0,0126;0,0251;0,0126;0,0126;0,0126;0,0251;0,0126;0,0126;0,0126;0,0126;0;0,0126;0;0,0126;0;237,41;0,0377;0,226;0,0628;2,3734;0,0251;2,1097;0,0502;0,2888;0,0377;0,1758;0,0251;0,113;0,0251;0,0879;0,0377;0,2637;0,0251;0,1507;0,0251;0,226;0,0251;0,0879;0,0126;0,0628;0,0126;0,0251;0,0126;0,0377;0,0126;0,0753;0,0126;0,0126;0,0126;0,0502;0,0126;0,0377;0,0126;0,0126;0,0126;0,0251;0,0126;0,0251;0,0126;0;0;0,0126;0;0,0126;0
;;   ;   ;   ;   ;   ;17.10.2019;17:00:00.146;1,43;1,42;1,35;236,33;0,0251;0,4266;0,0376;2,5847;0,0878;2,0953;0,0251;0,2384;0,0376;0,1631;0,0251;0,1004;0,0125;0,1129;0,0376;0,276;0,0251;0,1631;0,0251;0,1129;0,0251;0,0627;0,0125;0,0376;0,0251;0,0251;0,0251;0,0251;0,0125;0,0376;0,0125;0,0251;0,0125;0,0376;0;0,0251;0,0125;0,0125;0,0125;0,0251;0;0,0125;0;0,0125;0;0;0;0,0125;0;237,23;0,0502;0,3764;0,0627;2,4718;0,0376;2,1706;0,0753;0,3137;0,0251;0,1506;0,0376;0,0878;0,0251;0,138;0,0376;0,1631;0,0376;0,2384;0,0376;0,1129;0,0125;0,0753;0,0251;0,0502;0,0251;0,0753;0,0251;0,0251;0,0125;0,0125;0,0125;0,0376;0,0125;0,0376;0,0125;0,0125;0,0125;0,0251;0,0125;0,0251;0,0125;0,0125;0;0,0125;0;0,0125;0;0,0125;0;237,15;0,0376;0,2133;0,0627;2,2836;0,0251;2,1706;0,0502;0,3011;0,0376;0,2008;0,0251;0,0753;0,0251;0,0753;0,0376;0,2509;0,0251;0,1004;0,0251;0,2384;0,0251;0,0753;0,0125;0,0753;0,0251;0,0376;0,0125;0,0502;0,0125;0,0627;0,0125;0,0251;0,0125;0,0627;0,0125;0,0376;0,0125;0,0125;0,0125;0,0251;0,0125;0,0251;0,0125;0,0125;0;0,0125;0;0,0125;0
;;   ;   ;   ;   ;   ;17.10.2019;17:10:00.140;1,45;1,43;1,32;236,54;0,0251;0,5267;0,0376;2,7086;0,0878;1,9813;0,0376;0,2383;0,0376;0,1379;0,0251;0,1129;0,0125;0,1379;0,0376;0,2633;0,0251;0,2508;0,0251;0,1254;0,0125;0,0627;0,0125;0,0502;0,0125;0,0376;0,0125;0,0251;0,0125;0,0376;0,0125;0,0251;0;0,0376;0;0,0125;0,0125;0,0125;0,0125;0,0251;0;0,0125;0;0,0125;0;0;0;0,0125;0;237,13;0,0376;0,3637;0,0627;2,6334;0,0251;2,0189;0,0752;0,3386;0,0376;0,1254;0,0376;0,1003;0,0251;0,1254;0,0376;0,1881;0,0376;0,2383;0,0376;0,1003;0,0251;0,0878;0,0251;0,0502;0,0251;0,0878;0,0251;0,0251;0,0125;0,0125;0,0125;0,0251;0,0125;0,0502;0,0125;0,0125;0,0125;0,0125;0,0125;0,0251;0,0125;0,0125;0;0,0125;0;0,0125;0;0,0125;0;237,13;0,0376;0,2383;0,0627;2,4077;0,0376;1,9186;0,0502;0,2759;0,0376;0,163;0,0251;0,0878;0,0251;0,1129;0,0376;0,2383;0,0251;0,1129;0,0251;0,1881;0,0251;0,1003;0,0125;0,0878;0,0125;0,0502;0,0125;0,0376;0,0125;0,0502;0,0125;0,0125;0,0125;0,0627;0,0125;0,0376;0,0125;0,0125;0,0125;0,0251;0;0,0251;0;0,0125;0;0,0125;0;0,0125;0
;;   ;   ;   ;   ;   ;17.10.2019;17:20:00.173;1,61;1,58;1,48;236,56;0,0251;0,4891;0,0376;3,1981;0,0752;1,9314;0,0376;0,2257;0,0376;0,2383;0,0251;0,1881;0,0125;0,1129;0,0376;0,3386;0,0251;0,2885;0,0251;0,138;0,0125;0,0627;0,0125;0,0502;0,0125;0,0502;0,0125;0,0376;0,0125;0,0376;0,0125;0,0251;0,0125;0,0502;0;0,0125;0,0125;0,0125;0,0125;0,0251;0;0,0125;0;0,0125;0;0,0125;0;0,0125;0;237,26;0,0502;0,3386;0,0502;3,1354;0,0376;1,9439;0,0627;0,301;0,0376;0,1505;0,0376;0,1756;0,0251;0,0878;0,0376;0,2759;0,0376;0,301;0,0376;0,2007;0,0251;0,1003;0,0125;0,0627;0,0251;0,1254;0,0251;0,0502;0,0125;0,0376;0,0125;0,0251;0,0125;0,0627;0,0125;0,0251;0,0125;0,0251;0,0125;0,0376;0,0125;0,0125;0;0,0251;0;0,0125;0;0,0251;0;237,08;0,0376;0,2257;0,0627;2,9096;0,0376;1,8687;0,0502;0,2132;0,0376;0,2007;0,0251;0,1756;0,0251;0,1505;0,0376;0,3261;0,0251;0,0752;0,0251;0,2508;0,0251;0,1505;0,0251;0,1129;0,0251;0,0627;0,0125;0,0502;0,0125;0,0376;0,0125;0,0251;0,0125;0,0627;0,0125;0,0251;0,0125;0,0125;0,0125;0,0251;0,0125;0,0251;0,0125;0,0125;0;0,0125;0;0,0251;0,0125
;;   ;   ;   ;   ;   ;17.10.2019;17:30:00.012;1,52;1,48;1,36;236,22;0,025;0,5135;0,0376;2,893;0,0877;1,9537;0,025;0,263;0,025;0,3256;0,0125;0,3131;0,025;0,0751;0,0376;0,3006;0,025;0,2379;0,025;0,1503;0,0125;0,0751;0,0125;0,0626;0,0125;0,0376;0,0125;0,0501;0,0125;0,0376;0,0125;0,025;0;0,0501;0;0,0125;0,0125;0,025;0,0125;0,025;0;0,025;0;0,0125;0;0,0125;0;0,0125;0;236,88;0,0376;0,3507;0,0376;2,7928;0,0376;1,9537;0,0626;0,3507;0,0376;0,3006;0,0376;0,2755;0,025;0,1127;0,0376;0,263;0,0376;0,3131;0,0376;0,2129;0,025;0,1252;0,0125;0,0751;0,025;0,1252;0,0125;0,0376;0,0125;0,0376;0,0125;0,025;0,0125;0,0626;0,0125;0,025;0,0125;0,025;0,0125;0,0376;0,0125;0,0125;0;0,0125;0;0,0125;0;0,025;0;236,85;0,0376;0,2254;0,0751;2,5298;0,025;1,841;0,0501;0,2129;0,0376;0,3381;0,025;0,2505;0,025;0,1503;0,0376;0,3131;0,025;0,1127;0,025;0,2254;0,025;0,1628;0,0125;0,1503;0,025;0,0501;0,0125;0,0501;0,0125;0,0376;0,0125;0,025;0,0125;0,0626;0,0125;0,0376;0,0125;0,025;0,0125;0,025;0,0125;0,025;0,0125;0,0125;0;0,0125;0;0,0125;0
;;   ;   ;   ;   ;   ;17.10.2019;17:40:00.020;1,6;1,53;1,42;236,5;0,0251;0,4896;0,0377;3,1257;0,0753;1,9959;0,0251;0,2511;0,0251;0,2762;0,0251;0,3013;0,0251;0,113;0,0377;0,2636;0,0251;0,2134;0,0126;0,1004;0,0251;0,0879;0,0126;0,0377;0,0126;0,0377;0,0126;0,0502;0,0126;0,0377;0,0126;0,0251;0;0,0502;0;0,0126;0,0126;0,0251;0,0126;0,0251;0;0,0251;0;0,0126;0;0,0126;0;0,0126;0;237,34;0,0502;0,364;0,0502;2,9248;0,0251;2,0085;0,0628;0,3138;0,0251;0,2385;0,0377;0,2511;0,0251;0,1255;0,0377;0,2008;0,0251;0,2385;0,0251;0,2008;0,0251;0,0879;0,0251;0,0628;0,0251;0,113;0,0126;0,0377;0,0126;0,0377;0,0126;0,0251;0,0126;0,0502;0,0126;0,0126;0,0126;0,0126;0,0126;0,0251;0,0126;0,0126;0,0126;0,0126;0;0,0126;0;0,0251;0;237,38;0,0251;0,2008;0,0753;2,7114;0,0251;1,8578;0,0502;0,226;0,0377;0,2636;0,0251;0,2008;0,0251;0,1255;0,0251;0,364;0,0251;0,1757;0,0377;0,3013;0,0251;0,1381;0,0126;0,1255;0,0251;0,0377;0,0126;0,0502;0,0126;0,0502;0,0126;0,0377;0,0126;0,0628;0,0126;0,0251;0,0126;0,0251;0,0126;0,0251;0,0126;0,0251;0,0126;0,0126;0;0,0126;0;0,0251;0
;;   ;   ;   ;   ;   ;17.10.2019;17:50:00.052;1,57;1,54;1,42;236,51;0,0251;0,4641;0,0376;3,0605;0,0878;1,9818;0,0125;0,2258;0,0251;0,2383;0,0251;0,2258;0,0251;0,1129;0,0376;0,1631;0,0251;0,1881;0,0251;0,1129;0,0251;0,0627;0,0125;0,0376;0,0125;0,0376;0,0125;0,0376;0,0125;0,0376;0,0125;0,0251;0;0,0502;0;0,0125;0;0,0251;0,0125;0,0251;0;0,0125;0;0,0125;0;0,0125;0;0,0125;0;237,13;0,0502;0,4014;0,0502;2,9853;0,0376;1,9818;0,0627;0,3136;0,0251;0,2258;0,0376;0,2132;0,0251;0,1756;0,0376;0,1505;0,0376;0,2634;0,0251;0,138;0,0251;0,1003;0,0251;0,0502;0,0251;0,0753;0,0251;0,0376;0,0125;0,0251;0,0125;0,0251;0,0125;0,0376;0,0125;0,0125;0,0125;0,0125;0,0125;0,0251;0,0125;0,0125;0,0125;0,0125;0;0,0125;0;0,0251;0;237,33;0,0376;0,2258;0,0753;2,7595;0,0251;1,8062;0,0502;0,2132;0,0376;0,2509;0,0251;0,1505;0,0251;0,1129;0,0376;0,3261;0,0251;0,1129;0,0251;0,3512;0,0251;0,1631;0,0251;0,138;0,0251;0,0502;0,0125;0,0376;0,0125;0,0376;0,0125;0,0376;0,0125;0,0627;0,0125;0,0251;0,0125;0,0251;0,0125;0,0251;0,0125;0,0251;0,0125;0,0251;0;0,0125;0;0,0251;0
;;   ;   ;   ;   ;   ;17.10.2019;18:00:00.118;1,55;1,56;1,44;236,59;0,0251;0,4642;0,0502;3,0612;0,1004;1,8568;0,0251;0,2133;0,0376;0,2384;0,0125;0,2258;0,0125;0,1004;0,0376;0,1882;0,0251;0,3387;0,0251;0,0627;0,0125;0,0502;0,0125;0,0376;0,0125;0,0376;0,0125;0,0251;0;0,0376;0,0125;0,0251;0;0,0376;0;0,0125;0;0,0251;0;0,0251;0;0,0125;0;0,0125;0;0,0125;0;0,0125;0;237,19;0,0502;0,3764;0,0502;3,0612;0,0502;1,9321;0,0502;0,3136;0,0376;0,2886;0,0376;0,2258;0,0251;0,1506;0,0376;0,1255;0,0251;0,3387;0,0251;0,1255;0,0251;0,1129;0,0251;0,0376;0,0251;0,0878;0,0125;0,0376;0,0125;0,0251;0,0125;0,0251;0,0125;0,0502;0,0125;0,0125;0,0125;0,0251;0,0125;0,0251;0,0125;0,0125;0,0125;0,0125;0;0,0125;0;0,0125;0;237,28;0,0376;0,2509;0,0878;2,7727;0,0125;1,8568;0,0502;0,2133;0,0376;0,276;0,0251;0,1506;0,0251;0,1004;0,0376;0,276;0,0251;0,1255;0,0376;0,2509;0,0251;0,1756;0,0125;0,0753;0,0251;0,0753;0,0251;0,0753;0,0125;0,0627;0,0125;0,0251;0,0125;0,0753;0,0125;0,0376;0,0125;0,0251;0,0125;0,0251;0;0,0125;0,0125;0,0125;0;0,0125;0;0,0125;0
;;   ;   ;   ;   ;   ;17.10.2019;18:10:00.158;1,48;1,48;1,35;236,2;0,025;0,463;0,0501;2,916;0,0876;1,7145;0,025;0,2378;0,0375;0,2128;0,0125;0,1001;0,0125;0,1251;0,0375;0,2378;0,025;0,5256;0,025;0,1126;0,0125;0,0626;0,0125;0,0626;0,0125;0,0626;0,0125;0,0501;0;0,025;0;0,025;0;0,0375;0;0,0125;0;0,025;0;0,025;0;0,025;0;0,0125;0;0,0125;0;0,0125;0;236,73;0,0375;0,3004;0,0501;2,916;0,0375;1,7771;0,0501;0,3004;0,0375;0,3254;0,0375;0,2002;0,025;0,1377;0,0375;0,1877;0,025;0,388;0,0375;0,1001;0,025;0,1627;0,025;0,0626;0,025;0,0876;0,025;0,0375;0,0125;0,0375;0,0125;0,025;0,0125;0,0501;0,0125;0,025;0,0125;0,0125;0,0125;0,025;0,0125;0,0125;0,0125;0,0125;0;0,0125;0;0,025;0;236,71;0,025;0,2378;0,0876;2,5781;0,025;1,727;0,0501;0,2253;0,0501;0,2503;0,025;0,1126;0,025;0,1001;0,0375;0,3254;0,025;0,1877;0,0375;0,2503;0,025;0,2878;0,0125;0,1126;0,025;0,1001;0,0125;0,1001;0,0125;0,0626;0,0125;0,0125;0,0125;0,0876;0,0125;0,0501;0,0125;0,025;0,0125;0,0375;0;0,0125;0,0125;0,0125;0;0,0125;0;0,0125;0
;;   ;   ;   ;   ;   ;17.10.2019;18:20:00.186;1,41;1,41;1,26;235,34;0,025;0,4867;0,0374;2,7331;0,0874;1,6598;0,025;0,2621;0,0374;0,2621;0,025;0,1248;0,0125;0,1248;0,0374;0,2371;0,025;0,5491;0,025;0,0998;0,0125;0,0874;0,0125;0,0624;0,0125;0,0624;0,0125;0,0499;0;0,025;0;0,025;0;0,0374;0;0,0125;0;0,0125;0;0,025;0;0,025;0;0,0125;0;0,0125;0;0,0125;0;236,07;0,0499;0,337;0,0499;2,7456;0,0374;1,6848;0,0624;0,287;0,0374;0,3245;0,0374;0,2371;0,025;0,1248;0,0374;0,2122;0,0374;0,3744;0,0374;0,1123;0,025;0,1622;0,025;0,0749;0,025;0,0874;0,025;0,0374;0,0125;0,0374;0,0125;0,025;0,0125;0,0624;0,0125;0,025;0,0125;0,025;0,0125;0,0374;0,0125;0,0125;0;0,0125;0,0125;0,0125;0;0,025;0;235,88;0,0374;0,2371;0,0874;2,3337;0,025;1,6723;0,0499;0,2496;0,0374;0,2746;0,025;0,1373;0,0125;0,1373;0,0374;0,3494;0,025;0,1622;0,0374;0,2746;0,025;0,3619;0,025;0,1123;0,025;0,0998;0,0125;0,0998;0,0125;0,0499;0,0125;0,025;0;0,0874;0,0125;0,0374;0,0125;0,025;0,0125;0,0374;0;0,0125;0,0125;0,0125;0;0,0125;0;0,0125;0
;;   ;   ;   ;   ;   ;17.10.2019;18:30:00.091;1,39;1,33;1,22;234,74;0,0249;0,4732;0,0374;2,6646;0,0996;1,6187;0,0249;0,2241;0,0374;0,3611;0,0125;0,2615;0,0125;0,137;0,0374;0,2988;0,0249;0,523;0,0249;0,0747;0,0125;0,0996;0,0125;0,0498;0,0125;0,0498;0,0125;0,0498;0;0,0374;0;0,0249;0;0,0374;0;0,0125;0;0,0125;0;0,0249;0;0,0249;0;0,0125;0;0,0125;0;0,0125;0;235,59;0,0498;0,2988;0,0623;2,6148;0,0374;1,5315;0,0623;0,2739;0,0374;0,3611;0,0374;0,2864;0,0249;0,137;0,0374;0,3113;0,0374;0,3611;0,0374;0,2117;0,0125;0,1494;0,0125;0,0996;0,0249;0,0872;0,0249;0,0374;0,0125;0,0498;0,0125;0,0249;0,0125;0,0747;0,0125;0,0249;0,0125;0,0249;0,0125;0,0374;0;0,0125;0;0,0249;0;0,0125;0;0,0249;0;235,14;0,0249;0,2739;0,0872;2,2537;0,0249;1,5564;0,0498;0,2366;0,0374;0,3237;0,0249;0,249;0,0125;0,1494;0,0249;0,4109;0,0249;0,1743;0,0374;0,2864;0,0249;0,3486;0,0125;0,0872;0,0249;0,0747;0,0125;0,0996;0,0125;0,0623;0,0125;0,0249;0;0,0872;0,0125;0,0498;0,0125;0,0249;0,0125;0,0374;0;0,0249;0;0,0125;0;0,0125;0;0,0125;0
;;   ;   ;   ;   ;   ;17.10.2019;18:40:00.133;1,35;1,27;1,21;234,9;0,0249;0,4361;0,0374;2,5791;0,0997;1,5325;0,0249;0,1994;0,0374;0,4361;0,0249;0,3364;0,0249;0,162;0,0374;0,3987;0,0374;0,4984;0,0249;0,0748;0,0125;0,1371;0,0125;0,0748;0,0125;0,0498;0,0125;0,0498;0,0125;0,0374;0,0125;0,0249;0;0,0374;0;0,0125;0;0,0249;0;0,0249;0;0,0125;0;0,0125;0;0,0125;0;0,0125;0;235,65;0,0498;0,2741;0,0623;2,467;0,0374;1,4079;0,0623;0,2492;0,0374;0,4112;0,0374;0,2866;0,0249;0,162;0,0374;0,3239;0,0374;0,3987;0,0374;0,2616;0,0249;0,1121;0,0125;0,1246;0,0249;0,0872;0,0249;0,0498;0,0125;0,0498;0,0125;0,0249;0,0125;0,0748;0,0125;0,0249;0,0125;0,0249;0,0125;0,0374;0;0,0125;0;0,0249;0;0,0125;0;0,0249;0;235,38;0,0374;0,2492;0,0872;2,1929;0,0249;1,545;0,0498;0,2616;0,0374;0,4112;0,0249;0,2367;0,0125;0,1371;0,0249;0,4361;0,0374;0,1994;0,0374;0,2492;0,0249;0,3738;0,0249;0,0997;0,0249;0,0623;0,0125;0,1121;0,0125;0,0623;0,0125;0,0125;0;0,0748;0,0125;0,0498;0,0125;0,0249;0,0125;0,0249;0;0,0249;0;0,0125;0;0,0125;0;0,0125;0
;;   ;   ;   ;   ;   ;17.10.2019;18:50:00.149;1,47;1,4;1,33;234,81;0,0249;0,4737;0,0249;2,9916;0,0997;1,4833;0,0249;0,1745;0,0374;0,3116;0,0249;0,2618;0,0125;0,1371;0,0374;0,3615;0,0249;0,3989;0,0249;0,0997;0,0125;0,1371;0,0125;0,0623;0,0125;0,0499;0,0125;0,0499;0;0,0374;0,0125;0,0249;0;0,0249;0;0,0125;0;0,0249;0;0,0249;0;0,0249;0;0,0125;0;0,0125;0;0,0125;0;235,71;0,0499;0,2867;0,0623;2,8669;0,0374;1,4335;0,0623;0,2244;0,0374;0,3116;0,0374;0,187;0,0125;0,1496;0,0374;0,2244;0,0374;0,3864;0,0374;0,2119;0,0125;0,1122;0,0125;0,1246;0,0249;0,0748;0,0249;0,0374;0,0125;0,0374;0,0125;0,0249;0,0125;0,0499;0,0125;0,0125;0,0125;0,0125;0,0125;0,0374;0;0,0125;0;0,0125;0;0,0125;0;0,0249;0;235,26;0,0374;0,2742;0,0748;2,6176;0,0249;1,5332;0,0499;0,2742;0,0374;0,2992;0,0249;0,162;0,0125;0,1496;0,0249;0,3366;0,0249;0,162;0,0374;0,3116;0,0249;0,2618;0,0249;0,0623;0,0249;0,0873;0,0125;0,0873;0,0125;0,0374;0,0125;0,0249;0,0125;0,0623;0,0125;0,0374;0,0125;0,0249;0,0125;0,0249;0;0,0249;0,0125;0,0125;0;0,0125;0;0,0125;0
;;   ;   ;   ;   ;   ;17.10.2019;19:00:00.150;1,42;1,37;1,29;234,92;0,025;0,4366;0,0374;2,9318;0,0873;1,3723;0,025;0,1871;0,0374;0,237;0,0125;0,1372;0,0125;0,1497;0,0374;0,3119;0,025;0,4616;0,025;0,0499;0,0125;0,1123;0,0125;0,0499;0,0125;0,025;0,0125;0,025;0;0,025;0;0,0374;0;0,0374;0;0,025;0;0,0125;0;0,025;0;0,025;0;0,0125;0;0;0;0,0125;0;235,86;0,0374;0,3493;0,0499;2,8195;0,0374;1,3349;0,0624;0,2495;0,0374;0,3743;0,0374;0,1372;0,0125;0,1996;0,0374;0,1372;0,0374;0,4865;0,0374;0,1497;0,0125;0,0998;0,025;0,1248;0,025;0,0749;0,025;0,025;0,0125;0,0374;0,0125;0,025;0,0125;0,0374;0,0125;0,0125;0,0125;0,025;0,0125;0,025;0;0,0125;0;0,0125;0;0,0125;0;0,0125;0;235,69;0,0374;0,3244;0,0749;2,57;0,025;1,4097;0,0499;0,3119;0,0374;0,3119;0,025;0,0873;0,025;0,1372;0,025;0,262;0,025;0,1996;0,025;0,3493;0,025;0,1871;0,0125;0,0749;0,025;0,1248;0,0125;0,0749;0,0125;0,0374;0,0125;0,025;0;0,0624;0,0125;0,0374;0,0125;0,025;0,0125;0,025;0;0,025;0;0,025;0;0,0125;0;0;0
;;   ;   ;   ;   ;   ;17.10.2019;19:10:00.065;1,42;1,4;1,33;235,88;0,025;0,4004;0,0375;2,9026;0,0876;1,4388;0,025;0,2002;0,0375;0,2127;0,025;0,1126;0,0125;0,1251;0,0375;0,3878;0,025;0,5755;0,025;0,0626;0,0125;0,1126;0,0125;0,0626;0,0125;0,025;0,0125;0,025;0;0,025;0;0,0375;0;0,025;0;0,025;0;0,0125;0;0,025;0;0,025;0;0,0125;0;0;0;0,0125;0;236,54;0,05;0,3503;0,0626;2,8025;0,0375;1,4763;0,0626;0,2627;0,0375;0,3753;0,0375;0,1626;0,025;0,2127;0,0375;0,1626;0,0375;0,588;0,0375;0,2002;0,0125;0,1001;0,025;0,1251;0,025;0,0876;0,025;0,025;0,0125;0,05;0,0125;0,0375;0,0125;0,0375;0,0125;0,0125;0,0125;0,025;0,0125;0,025;0;0,0125;0;0,0125;0;0,0125;0;0,0125;0;236,45;0,0375;0,3378;0,0751;2,6023;0,025;1,5514;0,05;0,2627;0,025;0,3628;0,025;0,0876;0,025;0,1501;0,025;0,3003;0,025;0,2502;0,025;0,4004;0,025;0,2252;0,0125;0,1251;0,025;0,1126;0,0125;0,0751;0,0125;0,0375;0,0125;0,025;0,0125;0,0626;0,0125;0,0375;0,0125;0,0375;0,0125;0,025;0,0125;0,0125;0,0125;0,0125;0;0,0125;0;0,0125;0
;;   ;   ;   ;   ;   ;17.10.2019;19:20:00.068;1,44;1,42;1,33;235,94;0,025;0,3628;0,0375;2,99;0,1001;1,3761;0,025;0,1751;0,0375;0,2627;0,025;0,1501;0,025;0,1501;0,0375;0,4128;0,025;0,5254;0,025;0,1001;0,025;0,0876;0,0125;0,05;0,0125;0,0375;0,0125;0,025;0,0125;0,025;0,0125;0,0375;0;0,025;0;0,025;0;0,025;0,0125;0,025;0;0,0125;0;0,0125;0;0,0125;0;0;0;236,54;0,0375;0,3753;0,05;2,9024;0,0375;1,3886;0,0626;0,2877;0,0375;0,3878;0,025;0,1626;0,025;0,2127;0,0375;0,1751;0,0375;0,5004;0,0375;0,2252;0,0125;0,1126;0,025;0,1001;0,025;0,1001;0,025;0,0375;0,0125;0,05;0,0125;0,0375;0,0125;0,0375;0,0125;0,0125;0,0125;0,025;0,0125;0,025;0;0;0;0,0125;0;0,0125;0;0,0125;0;236,36;0,025;0,3128;0,0876;2,6647;0,025;1,4512;0,05;0,2377;0,0375;0,3503;0,025;0,0876;0,025;0,1626;0,025;0,3128;0,025;0,2252;0,0375;0,3753;0,025;0,1751;0,025;0,0876;0,025;0,1126;0,0125;0,0626;0,0125;0,0375;0,0125;0,025;0,0125;0,0751;0,0125;0,0375;0,0125;0,0375;0,0125;0,025;0,0125;0,0125;0;0,0125;0;0,0125;0;0,0125;0
;;   ;   ;   ;   ;   ;17.10.2019;19:30:00.071;1,5;1,45;1,34;236,17;0,025;0,4257;0,0376;3,2055;0,0877;1,2521;0,025;0,1753;0,0376;0,3005;0,025;0,1252;0,025;0,1377;0,0376;0,3381;0,025;0,4883;0,025;0,1377;0,025;0,0626;0,0125;0,0501;0,0125;0,025;0,0125;0,025;0,0125;0,025;0,0125;0,0501;0;0,0376;0;0,025;0;0,0125;0,0125;0,025;0;0,0125;0;0,0125;0;0,0125;0;0,0125;0;236,78;0,0501;0,2755;0,0626;3,0928;0,0501;1,2021;0,0626;0,288;0,0376;0,4132;0,025;0,1127;0,025;0,2129;0,0376;0,1503;0,0376;0,5009;0,0376;0,2254;0,0125;0,1753;0,025;0,0877;0,025;0,0751;0,025;0,0501;0,0125;0,0376;0,0125;0,0376;0,0125;0,0376;0,0125;0,025;0,0125;0,0125;0,0125;0,025;0;0,0125;0;0,0125;0;0,0125;0;0,0125;0;236,53;0,0376;0,2755;0,0877;2,8173;0,025;1,2396;0,0376;0,2504;0,0376;0,3631;0,025;0,0376;0,025;0,1753;0,025;0,3005;0,025;0,2379;0,0376;0,3005;0,0125;0,2254;0,0125;0,1127;0,025;0,0877;0,0125;0,0751;0,0125;0,0501;0,0125;0,0125;0;0,0751;0,0125;0,0376;0,0125;0,0376;0,0125;0,025;0;0,0125;0;0,0125;0;0,0125;0;0,0125;0
;;   ;   ;   ;   ;   ;17.10.2019;19:40:00.019;1,59;1,53;1,44;236,01;0,0251;0,4511;0,0376;3,3579;0,0877;1,3783;0,0251;0,213;0,0251;0,2506;0,0251;0,1629;0,0251;0,1002;0,0376;0,426;0,0251;0,5513;0,0251;0,1253;0,0251;0,0626;0,0125;0,0501;0,0125;0,0251;0,0125;0,0376;0,0125;0,0251;0,0125;0,0376;0;0,0251;0;0,0251;0;0,0251;0,0125;0,0251;0;0,0251;0;0,0125;0;0,0125;0;0,0125;0;236,8;0,0501;0,3132;0,0501;3,2828;0,0376;1,278;0,0626;0,2255;0,0376;0,3508;0,0376;0,1504;0,0251;0,213;0,0376;0,1879;0,0376;0,5513;0,0376;0,1879;0,0125;0,1128;0,0251;0,1128;0,0251;0,0877;0,0251;0,0376;0,0125;0,0501;0,0125;0,0125;0,0125;0,0376;0,0125;0,0125;0,0125;0,0125;0,0125;0,0251;0;0,0125;0;0,0125;0;0,0125;0;0,0125;0;236,71;0,0251;0,3007;0,0877;2,982;0,0251;1,3908;0,0501;0,2631;0,0376;0,2882;0,0251;0,0501;0,0251;0,1629;0,0251;0,3132;0,0251;0,2882;0,0251;0,4135;0,0125;0,1754;0,0251;0,1002;0,0251;0,1002;0,0125;0,0626;0,0125;0,0251;0,0125;0,0251;0,0125;0,0626;0,0125;0,0251;0,0125;0,0376;0,0125;0,0251;0;0,0125;0;0,0251;0;0,0125;0;0,0125;0
;;   ;   ;   ;   ;   ;17.10.2019;19:50:00.172;1,57;1,52;1,42;236,02;0,0251;0,4763;0,0376;3,3342;0,0877;1,3161;0,0251;0,2006;0,0376;0,2006;0,0251;0,1003;0,0251;0,1003;0,0376;0,4011;0,0251;0,539;0,0251;0,1003;0,0125;0,0627;0,0125;0,0501;0,0125;0,0376;0,0125;0,0627;0,0125;0,0251;0,0125;0,0376;0;0,0251;0;0,0251;0;0,0125;0,0125;0,0251;0;0,0125;0;0,0125;0;0,0125;0;0,0125;0;236,96;0,0627;0,2883;0,0627;3,259;0,0376;1,2534;0,0627;0,2382;0,0376;0,3259;0,0376;0,1128;0,0251;0,2006;0,0376;0,2256;0,0376;0,5641;0,0376;0,2131;0,0125;0,1629;0,0251;0,1128;0,0251;0,1128;0,0251;0,0501;0,0125;0,0627;0,0125;0,0251;0,0125;0,0376;0,0125;0,0251;0,0125;0,0125;0,0125;0,0251;0;0,0125;0;0,0125;0;0,0125;0;0,0125;0;236,79;0,0376;0,3008;0,0877;2,9581;0,0251;1,3788;0,0501;0,2382;0,0376;0,2883;0,0251;0,0376;0,0251;0,1504;0,0251;0,3384;0,0251;0,2883;0,0251;0,4011;0,0251;0,1755;0,0251;0,0752;0,0251;0,1003;0,0125;0,1003;0,0125;0,0376;0,0125;0,0251;0,0125;0,0627;0,0125;0,0376;0,0125;0,0376;0,0125;0,0251;0;0,0125;0,0125;0,0251;0;0,0125;0;0,0125;0
;;   ;   ;   ;   ;   ;17.10.2019;20:00:00.131;1,54;1,56;1,43;236,39;0,0251;0,4385;0,0376;3,2573;0,0877;1,328;0,0251;0,1754;0,0376;0,2631;0,0251;0,1002;0,0251;0,1629;0,0376;0,4134;0,0251;0,6139;0,0251;0,0626;0,0251;0,0752;0,0125;0,0501;0,0125;0,0251;0,0125;0,0501;0,0125;0,0376;0,0125;0,0376;0,0125;0,0125;0;0,0251;0,0125;0,0251;0,0125;0,0125;0;0,0125;0;0,0125;0;0;0;0,0125;0;236,81;0,0501;0,1879;0,0626;3,3074;0,0376;1,328;0,0626;0,2881;0,0376;0,3132;0,0251;0,1503;0,0251;0,1378;0,0376;0,3383;0,0376;0,6139;0,0251;0,2004;0,0125;0,238;0,0125;0,1879;0,0251;0,1879;0,0125;0,0501;0,0125;0,1002;0,0125;0,0376;0,0125;0,0626;0,0125;0,0251;0,0125;0,0251;0,0125;0,0501;0;0,0125;0;0,0251;0;0,0251;0;0,0251;0;237;0,0251;0,3383;0,0877;2,9441;0,0251;1,4658;0,0501;0,238;0,0376;0,2756;0,0251;0,0877;0,0251;0,1128;0,0251;0,3257;0,0251;0,238;0,0376;0,3633;0,0251;0,1503;0,0251;0,0626;0,0251;0,1002;0,0125;0,1002;0,0125;0,0376;0,0125;0,0376;0,0125;0,0752;0,0125;0,0376;0,0125;0,0376;0,0125;0,0251;0;0,0125;0;0,0251;0;0,0125;0;0,0125;0
;;   ;   ;   ;   ;   ;17.10.2019;20:10:00.065;1,52;1,58;1,44;236,82;0,0252;0,4024;0,0377;3,2193;0,088;1,4084;0,0377;0,1383;0,0377;0,2012;0,0252;0,088;0,0252;0,1886;0,0377;0,3647;0,0377;0,4401;0,0252;0,1509;0,0252;0,0755;0,0126;0,0503;0,0252;0,0377;0,0126;0,0503;0,0126;0,0377;0,0126;0,0377;0,0126;0,0126;0;0,0126;0;0,0252;0,0126;0,0126;0;0,0126;0;0;0;0,0126;0;0;0;237,64;0,0503;0,2138;0,0629;3,2947;0,0377;1,5216;0,0629;0,2767;0,0377;0,3395;0,0377;0,1006;0,0252;0,1383;0,0377;0,3018;0,0377;0,6539;0,0252;0,2264;0,0126;0,2264;0,0126;0,1761;0,0252;0,2012;0,0126;0,0503;0,0126;0,088;0,0126;0,0377;0,0126;0,0629;0,0126;0,0252;0,0126;0,0252;0,0126;0,0503;0;0,0126;0;0,0252;0;0,0252;0;0,0126;0;237,45;0,0252;0,3647;0,088;2,9175;0,0252;1,6096;0,0503;0,2641;0,0377;0,2641;0,0126;0,1132;0,0126;0,1132;0,0252;0,2767;0,0252;0,1006;0,0377;0,3647;0,0126;0,1509;0,0252;0,1006;0,0252;0,1132;0,0126;0,1006;0,0126;0,0377;0,0126;0,0252;0,0126;0,0755;0,0126;0,0377;0,0126;0,0252;0,0126;0,0252;0;0,0126;0;0,0252;0;0,0126;0;0,0126;0
;;   ;   ;   ;   ;   ;17.10.2019;20:20:00.088;1,46;1,48;1,36;235,21;0,025;0,4248;0,025;2,986;0,0875;1,5118;0,0375;0,1749;0,0375;0,2499;0,025;0,1749;0,025;0,1499;0,0375;0,3373;0,0375;0,3748;0,025;0,1374;0,0125;0,0875;0,0125;0,0375;0,0125;0,0375;0,0125;0,05;0,0125;0,0375;0,0125;0,0375;0;0,025;0;0,0125;0;0,0125;0,0125;0,025;0;0,025;0;0,0125;0,0125;0,0125;0,0125;0,0125;0,0125;236,05;0,05;0,3123;0,075;2,9735;0,0375;1,5742;0,0625;0,2624;0,025;0,4248;0,0375;0,1374;0,025;0,1249;0,0375;0,2374;0,0375;0,5497;0,0375;0,1749;0,025;0,1749;0,0125;0,1124;0,025;0,1374;0,0125;0,05;0,0125;0,075;0,0125;0,025;0,0125;0,0375;0,0125;0,025;0,0125;0,025;0,0125;0,0375;0;0,0125;0;0,025;0;0,025;0;0,0125;0;235,92;0,025;0,3498;0,0875;2,6737;0,0375;1,5992;0,05;0,2874;0,0375;0,2749;0,025;0,0875;0,0125;0,1;0,025;0,2749;0,025;0,1249;0,0375;0,4373;0,0125;0,0875;0,0125;0,0875;0,025;0,1249;0,0125;0,1124;0,0125;0,025;0,0125;0,025;0,0125;0,0625;0,0125;0,025;0,0125;0,025;0,0125;0,025;0;0,025;0;0,025;0;0,0125;0;0,0125;0
;;   ;   ;   ;   ;   ;17.10.2019;20:30:00.195;1,47;1,47;1,36;235,5;0,025;0,4378;0,0375;2,9895;0,0876;1,5135;0,0375;0,2001;0,0375;0,3627;0,025;0,1751;0,025;0,1251;0,0375;0,3252;0,025;0,3878;0,025;0,0751;0,025;0,0751;0,0125;0,0625;0,025;0,025;0,0125;0,05;0,0125;0,025;0,0125;0,025;0,0125;0,025;0;0,025;0,0125;0,0125;0,0125;0,025;0;0,025;0;0,0125;0;0,0125;0;0,0125;0;236,35;0,05;0,2877;0,05;2,9645;0,0375;1,5635;0,0625;0,2627;0,0375;0,4503;0,0375;0,1376;0,025;0,1001;0,0375;0,2377;0,0375;0,5504;0,025;0,1876;0,025;0,1751;0,025;0,1001;0,025;0,1376;0,0125;0,05;0,0125;0,0751;0,0125;0,025;0,0125;0,0375;0,0125;0,025;0,0125;0,025;0,0125;0,025;0;0,0125;0;0,025;0;0,0125;0;0,0125;0;236,27;0,0375;0,3878;0,0876;2,6643;0,025;1,5635;0,0375;0,2877;0,025;0,3252;0,0125;0,1126;0,0125;0,1251;0,025;0,3127;0,025;0,1501;0,0375;0,4878;0,0125;0,1376;0,0125;0,1001;0,025;0,1251;0,0125;0,1126;0,0125;0,0375;0;0,0125;0;0,0625;0,0125;0,025;0,0125;0,0375;0,0125;0,0375;0;0,025;0;0,025;0;0,0125;0;0,0125;0
;;   ;   ;   ;   ;   ;17.10.2019;20:40:00.003;1,55;1,53;1,41;236,37;0,0251;0,4014;0,0502;3,2115;0,0878;1,6057;0,0251;0,2258;0,0376;0,3889;0,0251;0,1631;0,0251;0,0878;0,0502;0,276;0,0376;0,2634;0,0251;0,0627;0,0251;0,0502;0,0125;0,0627;0,0251;0,0251;0,0251;0,0376;0,0125;0,0251;0,0125;0,0251;0,0125;0,0251;0,0125;0,0251;0,0125;0,0125;0,0125;0,0251;0;0,0125;0;0,0125;0;0,0125;0;0,0125;0;237,03;0,0376;0,2885;0,0502;3,1362;0,0376;1,5681;0,0627;0,2634;0,0376;0,4265;0,0376;0,1004;0,0251;0,1129;0,0376;0,2258;0,0376;0,4767;0,0376;0,2258;0,0251;0,2509;0,0251;0,1254;0,0251;0,138;0,0125;0,0502;0,0125;0,0753;0,0125;0,0251;0,0125;0,0502;0,0125;0,0376;0,0125;0,0125;0,0125;0,0376;0;0,0125;0,0125;0,0251;0;0,0125;0;0,0125;0;237,13;0,0251;0,3889;0,0878;2,81;0,0251;1,5932;0,0502;0,276;0,0251;0,3262;0,0125;0,138;0,0125;0,1631;0,0251;0,2885;0,0251;0,1254;0,0376;0,4265;0,0125;0,2133;0,0251;0,138;0,0251;0,0878;0,0125;0,0878;0,0125;0,0251;0;0,0251;0,0125;0,0627;0,0125;0,0251;0,0125;0,0376;0,0125;0,0376;0;0,0251;0;0,0251;0;0,0125;0;0,0125;0
;;   ;   ;   ;   ;   ;17.10.2019;20:50:00.186;1,53;1,47;1,4;236,53;0,0251;0,4397;0,0377;3,1285;0,0754;1,6208;0,0251;0,2638;0,0377;0,3267;0,0251;0,1885;0,0251;0,0879;0,0377;0,3518;0,0251;0,3769;0,0251;0,0503;0,0251;0,0628;0,0126;0,0628;0,0251;0,0126;0,0251;0,0377;0,0126;0,0251;0,0126;0,0377;0,0126;0,0251;0,0126;0,0251;0,0126;0,0126;0,0126;0,0251;0;0,0251;0;0,0126;0;0,0126;0;0,0126;0;237,41;0,0503;0,3141;0,0628;3,0154;0,0377;1,5579;0,0628;0,2136;0,0377;0,4021;0,0377;0,1382;0,0251;0,1382;0,0377;0,1885;0,0377;0,4146;0,0377;0,1633;0,0251;0,1131;0,0251;0,0754;0,0251;0,1131;0,0251;0,0377;0,0126;0,0503;0,0126;0,0251;0,0126;0,0377;0,0126;0,0126;0,0126;0,0126;0,0126;0,0251;0;0,0126;0,0126;0,0126;0;0,0126;0;0,0126;0;237,52;0,0377;0,3769;0,0754;2,7264;0,0377;1,6459;0,0377;0,2513;0,0251;0,3392;0,0126;0,1005;0,0126;0,1508;0,0251;0,3015;0,0251;0,201;0,0251;0,5151;0,0126;0,2136;0,0251;0,1005;0,0251;0,0879;0,0126;0,1005;0,0126;0,0377;0,0126;0,0251;0,0126;0,0628;0,0126;0,0377;0,0126;0,0251;0,0126;0,0377;0;0,0126;0,0126;0,0251;0;0,0126;0;0,0126;0
;;   ;   ;   ;   ;   ;17.10.2019;21:00:00.151;1,48;1,4;1,34;236,93;0,0252;0,4405;0,0378;2,9574;0,0881;1,6486;0,0252;0,2769;0,0378;0,3146;0,0252;0,1888;0,0252;0,1133;0,0378;0,3524;0,0252;0,4027;0,0252;0,0503;0,0252;0,0755;0,0126;0,0503;0,0252;0,0252;0,0252;0,0503;0,0126;0,0252;0,0126;0,0252;0,0126;0,0252;0,0126;0,0252;0,0126;0,0252;0,0126;0,0252;0;0,0252;0;0,0126;0;0,0126;0;0,0126;0;237,83;0,0378;0,3146;0,0503;2,8316;0,0378;1,5731;0,0629;0,2265;0,0378;0,3901;0,0378;0,1762;0,0252;0,1888;0,0378;0,2139;0,0378;0,4405;0,0378;0,1636;0,0126;0,0881;0,0252;0,0755;0,0252;0,0881;0,0252;0,0378;0,0126;0,0503;0,0126;0,0126;0,0126;0,0252;0,0126;0,0126;0,0126;0,0126;0,0126;0,0252;0;0,0126;0,0126;0,0126;0;0,0126;0;0,0126;0;237,87;0,0252;0,3398;0,0881;2,5421;0,0252;1,7115;0,0378;0,2769;0,0252;0,3524;0,0126;0,0881;0,0126;0,1636;0,0252;0,2391;0,0252;0,151;0,0252;0,5663;0,0126;0,1258;0,0252;0,1007;0,0252;0,1007;0,0126;0,0881;0,0126;0,0252;0,0126;0,0252;0,0126;0,0503;0,0126;0,0378;0,0126;0,0252;0,0126;0,0252;0,0126;0,0252;0,0126;0,0252;0;0,0126;0;0,0126;0
;;   ;   ;   ;   ;   ;17.10.2019;21:10:00.112;1,51;1,42;1,41;236,98;0,0252;0,4276;0,0377;3,0558;0,088;1,6851;0,0252;0,2515;0,0377;0,3898;0,0252;0,1635;0,0252;0,0755;0,0377;0,3144;0,0252;0,3521;0,0252;0,0503;0,0252;0,0629;0,0126;0,0629;0,0252;0,0377;0,0252;0,0503;0,0126;0,0252;0,0126;0,0252;0,0126;0,0252;0,0126;0,0252;0,0126;0,0126;0,0126;0,0252;0;0,0252;0;0,0126;0;0,0126;0;0,0126;0;237,72;0,0503;0,3521;0,0503;2,8797;0,0377;1,5845;0,0629;0,1761;0,0377;0,4276;0,0377;0,1886;0,0252;0,1635;0,0377;0,1761;0,0377;0,3018;0,0252;0,1383;0,0252;0,0755;0,0252;0,0503;0,0252;0,0755;0,0252;0,0629;0,0126;0,0377;0,0126;0,0126;0,0126;0,0377;0,0126;0,0126;0,0126;0,0126;0,0126;0,0252;0;0,0126;0,0126;0,0126;0;0,0126;0;0,0126;0;237,72;0,0252;0,3773;0,088;2,6911;0,0252;1,7857;0,0377;0,3395;0,0252;0,4024;0,0126;0,1383;0,0126;0,1383;0,0252;0,1509;0,0252;0,1635;0,0252;0,5156;0,0126;0,1509;0,0252;0,1132;0,0252;0,1006;0,0126;0,1006;0,0126;0,0126;0,0126;0,0377;0,0126;0,0503;0,0126;0,0377;0,0126;0,0252;0,0126;0,0377;0;0,0126;0,0126;0,0252;0;0,0126;0;0,0126;0
;;   ;   ;   ;   ;   ;17.10.2019;21:20:00.045;1,53;1,43;1,38;237,51;0,0252;0,4032;0,0378;3,0492;0,0882;1,7892;0,0126;0,2646;0,0252;0,3654;0,0252;0,189;0,0252;0,063;0,0378;0,3654;0,0252;0,3654;0,0252;0,063;0,0252;0,1008;0,0126;0,0504;0,0252;0,0378;0,0252;0,0504;0,0126;0,0252;0,0126;0,0252;0,0126;0,0252;0,0126;0,0252;0,0126;0,0252;0,0126;0,0252;0;0,0252;0;0,0126;0;0,0126;0;0,0126;0;238,18;0,0378;0,4158;0,0504;2,8602;0,0252;1,6632;0,063;0,2394;0,0378;0,378;0,0378;0,1638;0,0252;0,1512;0,0252;0,189;0,0378;0,315;0,0252;0,1638;0,0252;0,126;0,0252;0,0882;0,0252;0,0882;0,0252;0,0504;0,0126;0,0504;0,0126;0,0126;0,0126;0,0378;0,0126;0,0126;0,0126;0,0126;0,0126;0,0252;0;0,0126;0,0126;0,0126;0;0,0126;0;0,0126;0;238,14;0,0378;0,4158;0,0756;2,6082;0,0252;1,7766;0,0504;0,2646;0,0252;0,3402;0,0252;0,126;0,0126;0,1638;0,0252;0,2394;0,0252;0,2394;0,0252;0,4536;0,0252;0,1638;0,0252;0,1008;0,0252;0,0756;0,0126;0,0882;0,0126;0,0252;0,0126;0,0252;0,0126;0,0504;0,0126;0,0378;0,0126;0,0378;0,0126;0,0378;0;0,0126;0;0,0252;0;0,0252;0;0,0126;0
;;   ;   ;   ;   ;   ;17.10.2019;21:30:00.184;1,49;1,42;1,41;238,17;0,0252;0,3533;0,0379;3,0034;0,0757;1,7162;0,0252;0,2145;0,0379;0,265;0,0252;0,101;0,0252;0,0883;0,0379;0,3281;0,0379;0,4291;0,0252;0,101;0,0252;0,0379;0,0126;0,0631;0,0252;0,0631;0,0126;0,0757;0,0126;0,0252;0,0126;0,0252;0,0126;0,0379;0,0126;0,0252;0,0126;0,0252;0,0126;0,0252;0;0,0252;0;0;0;0,0126;0;0,0126;0;238,61;0,0505;0,3281;0,0505;2,8646;0,0379;1,6658;0,0505;0,2398;0,0379;0,3281;0,0379;0,1514;0,0252;0,1641;0,0379;0,101;0,0379;0,3029;0,0252;0,1514;0,0126;0,1514;0,0252;0,0883;0,0252;0,0631;0,0252;0,0631;0,0126;0,0379;0,0126;0,0126;0,0126;0,0505;0,0126;0,0126;0,0126;0,0126;0,0126;0,0252;0;0,0126;0,0126;0,0126;0,0126;0,0126;0;0,0126;0;238,66;0,0379;0,4291;0,0757;2,6753;0,0252;1,855;0,0379;0,2902;0,0379;0,3407;0,0252;0,1388;0,0126;0,1388;0,0252;0,1893;0,0252;0,2145;0,0252;0,4038;0,0126;0,2145;0,0252;0,1767;0,0252;0,0883;0,0126;0,1262;0,0126;0,0252;0,0126;0,0252;0;0,0631;0,0126;0,0379;0,0126;0,0252;0,0126;0,0379;0;0,0126;0;0,0126;0;0,0126;0;0,0126;0
;;   ;   ;   ;   ;   ;17.10.2019;21:40:00.040;1,54;1,49;1,49;238,12;0,0252;0,3154;0,0379;3,1797;0,0631;1,6403;0,0379;0,2145;0,0379;0,2145;0,0252;0,1136;0,0126;0,1262;0,0379;0,4669;0,0379;0,5426;0,0252;0,0883;0,0126;0,0757;0,0126;0,0379;0,0252;0,0631;0,0126;0,0883;0,0126;0,0379;0,0126;0,0252;0,0126;0,0252;0,0126;0,0379;0,0126;0,0252;0,0126;0,0126;0;0,0126;0;0;0;0,0126;0;0,0126;0;238,48;0,0631;0,3028;0,1136;3,0535;0,0505;1,6908;0,0883;0,1893;0,0379;0,3028;0,0379;0,1514;0,0379;0,164;0,0379;0,164;0,0505;0,2776;0,0379;0,1262;0,0126;0,0883;0,0252;0,0252;0,0379;0,0757;0,0252;0,0631;0,0126;0,0379;0,0126;0,0126;0,0126;0,0505;0,0126;0,0126;0,0126;0,0126;0,0126;0,0252;0,0126;0,0126;0,0126;0,0126;0,0126;0,0126;0;0,0126;0;238,71;0,0252;0,4669;0,0505;2,9021;0,0631;1,8422;0,0379;0,2776;0,0379;0,3533;0,0252;0,1893;0,0252;0,1009;0,0379;0,1893;0,0252;0,2397;0,0252;0,4416;0,0126;0,0883;0,0252;0,1136;0,0252;0,0883;0,0126;0,1262;0,0126;0,0505;0,0126;0,0252;0,0126;0,0631;0,0126;0,0505;0,0126;0,0126;0,0126;0,0379;0;0,0126;0,0126;0,0126;0;0,0126;0;0;0
;;   ;   ;   ;   ;   ;17.10.2019;21:50:00.023;1,51;1,45;1,45;238,8;0,038;0,3292;0,0253;3,0771;0,0633;1,6715;0,038;0,2026;0,038;0,2026;0,0253;0,114;0,0127;0,152;0,038;0,4685;0,038;0,5698;0,0253;0,076;0,0127;0,076;0,0127;0,0507;0,0253;0,0633;0,0127;0,076;0,0127;0,038;0,0127;0,0253;0,0127;0,0253;0,0127;0,0253;0,0127;0,0253;0,0127;0,0127;0;0,0127;0;0;0;0,0127;0;0,0127;0;239,35;0,0507;0,2786;0,0633;2,8998;0,038;1,7348;0,0507;0,2153;0,038;0,3166;0,038;0,1646;0,0253;0,1646;0,038;0,1773;0,038;0,3925;0,038;0,1266;0,0127;0,0886;0,0253;0,0507;0,0253;0,0886;0,0253;0,0507;0,0127;0,0253;0,0127;0,0127;0,0127;0,0507;0,0127;0,0127;0,0127;0,0127;0,0127;0,0253;0;0,0127;0,0127;0,0127;0,0127;0,0127;0;0,0127;0;239,36;0,0253;0,4559;0,0633;2,7732;0,0507;1,8614;0,038;0,3166;0,0253;0,3166;0,0253;0,1646;0,0127;0,1013;0,0253;0,2279;0,0253;0,2659;0,0253;0,4812;0,0127;0,1393;0,0253;0,114;0,0253;0,114;0,0127;0,1266;0,0127;0,038;0,0127;0,0253;0,0127;0,076;0,0127;0,0507;0,0127;0,0253;0,0127;0,038;0;0,0127;0,0127;0,0127;0;0,0127;0;0,0127;0
;;   ;   ;   ;   ;   ;17.10.2019;22:00:00.186;1,48;1,42;1,39;236,65;0,0251;0,3514;0,0251;2,899;0,0627;1,7444;0,0376;0,2259;0,0376;0,3137;0,0251;0,138;0,0251;0,1129;0,0376;0,4267;0,0376;0,6024;0,0251;0,0627;0,0125;0,0502;0,0125;0,0753;0,0251;0,0627;0,0125;0,0627;0,0125;0,0251;0,0125;0,0251;0,0125;0,0251;0,0125;0,0251;0,0125;0,0125;0,0125;0,0251;0;0,0251;0;0,0125;0;0,0125;0;0,0125;0;237,19;0,0376;0,2635;0,0627;2,7986;0,0376;1,7068;0,0502;0,251;0,0376;0,4141;0,0376;0,1506;0,0251;0,1255;0,0376;0,2259;0,0376;0,4267;0,0251;0,1004;0,0125;0,1255;0,0251;0,0502;0,0251;0,0878;0,0125;0,0502;0,0125;0,0376;0,0125;0,0125;0,0125;0,0502;0,0125;0,0125;0,0125;0,0125;0,0125;0,0251;0;0,0125;0;0,0125;0,0125;0,0125;0;0,0125;0;237,32;0,0251;0,4769;0,0627;2,5727;0,0502;1,8197;0,0376;0,3012;0,0251;0,4016;0,0251;0,1255;0,0125;0,138;0,0251;0,2259;0,0251;0,2761;0,0251;0,5271;0,0125;0,1506;0,0251;0,138;0,0251;0,1255;0,0125;0,1255;0,0125;0,0251;0,0125;0,0376;0,0125;0,0753;0,0125;0,0376;0,0125;0,0376;0,0125;0,0251;0;0,0125;0;0,0251;0;0,0125;0;0,0125;0
;;   ;   ;   ;   ;   ;17.10.2019;22:10:00.010;1,7;1,63;1,55;236,08;0,025;0,438;0,0375;3,5169;0,0626;1,7397;0,0375;0,2503;0,025;0,3755;0,025;0,0626;0,025;0,0751;0,0375;0,3004;0,025;0,4005;0,025;0,0751;0,025;0,0876;0,0125;0,0375;0,025;0,0501;0,025;0,0501;0,0125;0,025;0,0125;0,0125;0,0125;0,025;0,0125;0,025;0,0125;0,0125;0,0125;0,0125;0;0,0125;0;0,0125;0;0,0125;0;0,0125;0;236,62;0,0501;0,2503;0,0501;3,4042;0,0375;1,6395;0,0501;0,2253;0,0375;0,4255;0,0375;0,0751;0,025;0,1502;0,0375;0,1627;0,0375;0,3504;0,025;0,1377;0,025;0,0876;0,025;0,0501;0,025;0,1001;0,025;0,0375;0,0125;0,0375;0,0125;0,0125;0,0125;0,0501;0,0125;0,0125;0,0125;0,0125;0,0125;0,025;0,0125;0,0125;0,0125;0,0125;0,0125;0,0125;0,0125;0,0125;0;236,71;0,025;0,4255;0,0626;3,1164;0,0375;1,7272;0,0375;0,3129;0,025;0,363;0,0125;0,1377;0,0125;0,1252;0,025;0,2128;0,025;0,1627;0,025;0,438;0,0125;0,0626;0,025;0,0501;0,025;0,1377;0,0125;0,1001;0,0125;0,0375;0,0125;0,0375;0,0125;0,0751;0,0125;0,025;0,0125;0,0375;0,0125;0,025;0;0,0125;0;0,025;0;0,025;0;0,0125;0
;;   ;   ;   ;   ;   ;17.10.2019;22:20:00.096;1,68;1,58;1,5;236,2;0,025;0,4507;0,0376;3,4306;0,0501;1,8405;0,025;0,2629;0,025;0,3631;0,025;0,0751;0,025;0,0751;0,0376;0,2755;0,025;0,4382;0,025;0,0751;0,025;0,0626;0,0125;0,0876;0,025;0,0501;0,025;0,0376;0,0125;0,0125;0,0125;0,0125;0,0125;0,025;0,0125;0,0125;0,0125;0,025;0,0125;0,0125;0;0,0125;0;0,0125;0;0,0125;0;0,0125;0;236,8;0,0376;0,2504;0,0501;3,2428;0,0376;1,6903;0,0501;0,2254;0,0376;0,4257;0,0376;0,0876;0,025;0,2128;0,0501;0,0876;0,0376;0,4758;0,025;0,1753;0,025;0,0501;0,025;0,1127;0,025;0,1002;0,0125;0,0376;0,0125;0,0501;0,0125;0,025;0,0125;0,0376;0,0125;0,0125;0,0125;0,0125;0,0125;0,025;0;0,0125;0,0125;0;0,0125;0,0125;0;0,0125;0;236,76;0,025;0,4257;0,0626;2,9674;0,0376;1,7654;0,0376;0,3005;0,025;0,3381;0,0125;0,0876;0,0125;0,1628;0,025;0,2504;0,025;0,2128;0,025;0,4633;0,0125;0,1252;0,025;0,1127;0,0125;0,1252;0,0125;0,0876;0,0125;0,0501;0,0125;0,0501;0,0125;0,0751;0,0125;0,025;0,0125;0,0376;0,0125;0,025;0;0,0125;0;0,025;0;0,0125;0;0,0125;0
;;   ;   ;   ;   ;   ;17.10.2019;22:30:00.119;1,75;1,65;1,58;236,36;0,0251;0,4635;0,0376;3,6201;0,0626;1,8414;0,0251;0,238;0,0251;0,3132;0,0251;0,0626;0,0251;0,1002;0,0376;0,3006;0,0251;0,3257;0,0251;0,0376;0,0251;0,1002;0,0125;0,0626;0,0251;0,0376;0,0251;0,0376;0,0125;0,0125;0,0125;0,0125;0,0125;0,0251;0,0125;0,0251;0,0125;0,0125;0,0125;0,0125;0;0,0251;0;0,0125;0;0,0125;0;0,0125;0;236,88;0,0501;0,2255;0,0376;3,4322;0,0376;1,7161;0,0501;0,2129;0,0376;0,3633;0,0376;0,0877;0,0251;0,1879;0,0376;0,1127;0,0376;0,3507;0,0251;0,1754;0,0251;0,0626;0,0251;0,0877;0,0251;0,1127;0,0251;0,0376;0,0125;0,0501;0,0125;0,0125;0,0125;0,0501;0,0125;0,0125;0,0125;0,0125;0,0125;0,0251;0,0125;0,0125;0,0125;0,0125;0,0125;0,0125;0;0,0125;0;236,95;0,0251;0,4384;0,0626;3,1942;0,0251;1,7537;0,0376;0,2881;0,0251;0,2631;0,0251;0,1002;0,0125;0,1628;0,0251;0,2129;0,0251;0,1628;0,0251;0,4259;0,0125;0,0752;0,0251;0,1002;0,0251;0,1127;0,0125;0,0877;0,0125;0,0376;0,0125;0,0626;0,0125;0,0877;0,0125;0,0376;0,0125;0,0376;0,0125;0,0251;0;0,0125;0;0,0251;0;0,0125;0;0,0125;0
;;   ;   ;   ;   ;   ;17.10.2019;22:40:00.132;1,73;1,68;1,58;234,51;0,0249;0,3979;0,0497;3,5933;0,0622;1,7034;0,0249;0,2114;0,0249;0,2238;0,0249;0,0622;0,0249;0,1368;0,0373;0,3481;0,0249;0,4849;0,0249;0,0622;0,0249;0,0746;0,0124;0,0622;0,0249;0,0373;0,0249;0,0497;0,0124;0,0124;0,0124;0,0249;0,0124;0,0124;0,0124;0,0124;0,0124;0,0249;0,0124;0,0124;0;0,0249;0;0,0124;0,0124;0,0124;0;0,0124;0;235,12;0,0373;0,2362;0,0622;3,5187;0,0373;1,6412;0,0497;0,2611;0,0373;0,3606;0,0249;0,1119;0,0249;0,1865;0,0373;0,1119;0,0373;0,4849;0,0249;0,1865;0,0249;0,0373;0,0249;0,1243;0,0249;0,087;0,0124;0,0373;0,0124;0,0497;0,0124;0,0124;0,0124;0,0373;0,0124;0;0,0124;0,0124;0,0124;0,0249;0;0,0124;0;0,0124;0;0,0124;0;0,0124;0;235,09;0,0249;0,4103;0,0746;3,1954;0,0497;1,6661;0,0249;0,286;0,0249;0,2611;0,0124;0,0622;0,0124;0,1741;0,0249;0,2362;0,0249;0,2611;0,0249;0,4476;0,0124;0,0995;0,0249;0,1243;0,0124;0,1368;0,0124;0,0995;0;0,0497;0,0124;0,0622;0,0124;0,0746;0,0124;0,0249;0,0124;0,0373;0,0124;0,0249;0;0,0124;0,0124;0,0249;0;0,0124;0;0,0124;0
;;   ;   ;   ;   ;   ;17.10.2019;22:50:00.027;1,74;1,71;1,6;234,07;0,0248;0,4099;0,0373;3,6267;0,0621;1,7016;0,0373;0,2111;0,0373;0,1987;0,0248;0,0745;0,0248;0,1242;0,0373;0,3105;0,0248;0,3353;0,0248;0,0745;0,0248;0,0994;0,0124;0,0373;0,0248;0,0248;0,0248;0,0497;0,0124;0,0373;0,0124;0,0248;0,0124;0,0248;0,0124;0,0248;0,0124;0,0248;0,0124;0,0124;0;0,0124;0;0,0124;0,0124;0,0124;0;0,0124;0;234,84;0,0497;0,2236;0,0497;3,5397;0,0373;1,7637;0,0497;0,2236;0,0373;0,2981;0,0373;0,0869;0,0248;0,1739;0,0373;0,1242;0,0373;0,3478;0,0248;0,1242;0,0248;0,0497;0,0248;0,0745;0,0248;0,1118;0,0248;0,0497;0,0124;0,0373;0,0124;0,0124;0,0124;0,0497;0,0124;0,0248;0,0124;0,0124;0,0124;0,0248;0,0124;0,0248;0,0124;0,0124;0;0,0124;0;0,0124;0;234,78;0,0248;0,385;0,0621;3,2044;0,0248;1,7761;0,0373;0,2608;0,0248;0,2732;0,0248;0,1366;0,0124;0,1739;0,0248;0,236;0,0248;0,1366;0,0248;0,385;0,0124;0,0869;0,0248;0,0621;0,0124;0,1242;0,0124;0,0994;0,0124;0,0373;0,0124;0,0621;0,0124;0,0994;0,0124;0,0373;0,0124;0,0248;0,0124;0,0248;0;0,0124;0,0124;0,0248;0;0,0124;0;0,0124;0
;;   ;   ;   ;   ;   ;17.10.2019;23:00:00.192;1,8;1,74;1,65;234,9;0,0249;0,4115;0,0374;3,8036;0,0499;1,7085;0,0249;0,2245;0,0374;0,1995;0,0249;0,0624;0,0249;0,1372;0,0499;0,2494;0,0249;0,1871;0,0249;0,0998;0,0249;0,0873;0,0125;0,0249;0,0249;0,0374;0,0249;0,0374;0,0125;0,0374;0,0125;0,0249;0,0125;0,0249;0,0125;0,0249;0,0125;0,0249;0,0125;0,0125;0;0,0125;0;0,0125;0;0,0125;0;0,0125;0;235,74;0,0374;0,2494;0,0624;3,654;0,0374;1,721;0,0499;0,212;0,0374;0,2993;0,0374;0,0624;0,0249;0,1746;0,0374;0,0998;0,0374;0,3242;0,0249;0,0998;0,0249;0,0374;0,0249;0,0624;0,0249;0,0998;0,0249;0,0499;0,0125;0,0249;0,0125;0,0125;0,0125;0,0499;0,0125;0,0249;0,0125;0,0125;0,0125;0,0249;0,0125;0,0249;0;0,0125;0;0,0125;0;0;0;235,54;0,0249;0,3991;0,0624;3,3672;0,0374;1,7709;0,0374;0,2494;0,0249;0,2993;0,0249;0,1372;0,0249;0,1621;0,0249;0,1995;0,0249;0,0873;0,0249;0,3118;0,0125;0,0748;0,0249;0,0499;0,0125;0,0998;0,0125;0,0873;0,0125;0,0374;0,0125;0,0499;0,0125;0,0873;0,0125;0,0499;0,0125;0,0249;0,0125;0,0249;0;0,0125;0,0125;0,0249;0;0,0125;0;0,0125;0
;;   ;   ;   ;   ;   ;17.10.2019;23:10:00.026;1,88;1,81;1,72;235,25;0,025;0,4247;0,05;3,997;0,05;1,7862;0,025;0,2373;0,0375;0,2248;0,025;0,0625;0,0375;0,1249;0,05;0,2623;0,025;0,1999;0,025;0,0874;0,025;0,0874;0,025;0,025;0,025;0,0375;0,025;0,0375;0,0125;0,025;0,0125;0,0125;0,0125;0,025;0,0125;0,025;0,0125;0,0125;0,0125;0,0125;0;0,0125;0;0,0125;0;0,0125;0;0,0125;0;236,1;0,0375;0,1874;0,0625;3,8347;0,025;1,7487;0,0625;0,1999;0,0375;0,3123;0,025;0,0749;0,025;0,1624;0,0375;0,0625;0,0375;0,3747;0,025;0,1249;0,025;0,05;0,025;0,0749;0,025;0,1124;0,025;0,05;0,0125;0,025;0,0125;0,0125;0,0125;0,05;0,0125;0,025;0,0125;0,0125;0,0125;0,025;0,0125;0,025;0,0125;0,0125;0;0,0125;0;0;0;235,66;0,0625;0,3997;0,0625;3,5474;0,0874;1,8112;0,0749;0,2123;0,05;0,3123;0,05;0,0999;0,025;0,1874;0,0375;0,1874;0,025;0,0749;0,0125;0,2998;0,025;0,05;0,0125;0,05;0,0125;0,0749;0,0125;0,0749;0,0125;0,0375;0,0125;0,0375;0,0125;0,0749;0,0125;0,0375;0,0125;0,025;0,0125;0,025;0,0125;0,0125;0,0125;0,0125;0,0125;0,0125;0,0125;0,0125;0,0125
;;   ;   ;   ;   ;   ;17.10.2019;23:20:00.000;1,84;1,79;1,67;235,4;0,025;0,4376;0,05;3,9008;0,05;1,7879;0,0375;0,2;0,0375;0,15;0,025;0,0625;0,0375;0,125;0,05;0,2626;0,025;0,2375;0,025;0,1;0,025;0,1;0,025;0,025;0,025;0,0375;0,025;0,05;0,0125;0,025;0,0125;0,025;0,0125;0,025;0,0125;0,025;0,0125;0,025;0,0125;0,0125;0;0,025;0;0,0125;0;0,0125;0;0,0125;0;236,36;0,0375;0,175;0,075;3,8008;0,025;1,7378;0,0625;0,2375;0,0375;0,3001;0,025;0,1;0,025;0,1625;0,0375;0,0875;0,0375;0,3876;0,025;0,175;0,025;0,075;0,025;0,1;0,025;0,1125;0,0125;0,0375;0,0125;0,0375;0,0125;0,0125;0,0125;0,05;0,0125;0,025;0,0125;0,0125;0,0125;0,025;0,0125;0,025;0;0,0125;0;0,0125;0;0,0125;0;235,93;0,05;0,3626;0,0375;3,4132;0,0625;1,8129;0,0375;0,2125;0,0375;0,2876;0,0375;0,0875;0,0125;0,2;0,0375;0,2125;0,025;0,0875;0,0125;0,3501;0,025;0,0625;0,025;0,05;0,025;0,0875;0,0125;0,0875;0,0125;0,0375;0,0125;0,0375;0,0125;0,075;0,0125;0,0375;0,0125;0,025;0,0125;0,025;0,0125;0,0125;0,0125;0,025;0;0,0125;0;0,0125;0,0125
;;   ;   ;   ;   ;   ;17.10.2019;23:30:00.127;1,75;1,7;1,62;235,94;0,0251;0,4259;0,0251;3,633;0,0752;1,8666;0,0251;0,1879;0,0376;0,1879;0,0251;0,0626;0,0251;0,1253;0,0501;0,3007;0,0251;0,2631;0,0251;0,0626;0,0251;0,1127;0,0251;0,0376;0,0251;0,0501;0,0251;0,0501;0,0125;0,0251;0,0125;0,0125;0,0125;0,0251;0,0125;0,0251;0,0125;0,0125;0,0125;0,0125;0;0,0125;0;0;0;0,0125;0;0,0125;0;236,86;0,0376;0,1879;0,0501;3,5202;0,0501;1,8165;0,0376;0,238;0,0376;0,3382;0,0376;0,0501;0,0251;0,1378;0,0376;0,0877;0,0376;0,3884;0,0251;0,1754;0,0251;0,0877;0,0251;0,0877;0,0251;0,1127;0,0251;0,0501;0,0125;0,0251;0,0125;0,0125;0,0125;0,0501;0,0125;0,0251;0,0125;0,0125;0,0125;0,0251;0,0125;0,0125;0,0125;0,0125;0;0,0125;0;0,0125;0;236,22;0,0752;0,4009;0,1503;3,2446;0,0752;1,8541;0,1253;0,2506;0,0752;0,3007;0,0501;0,0877;0,0501;0,1629;0,0251;0,1879;0,0376;0,1002;0,0251;0,3633;0,0125;0,0752;0,0251;0,0376;0,0376;0,1002;0,0125;0,0752;0,0125;0,0251;0,0125;0,0251;0,0125;0,0626;0,0125;0,0376;0,0125;0,0251;0,0125;0,0251;0,0125;0,0125;0,0125;0,0125;0,0125;0,0125;0;0,0125;0
;;   ;   ;   ;   ;   ;17.10.2019;23:40:00.095;1,85;1,8;1,75;236,53;0,0251;0,3893;0,0377;3,9553;0,0628;1,7705;0,0377;0,1507;0,0377;0,1883;0,0251;0,1256;0,0251;0,113;0,0502;0,3265;0,0251;0,2888;0,0377;0,0879;0,0251;0,0753;0,0251;0,0251;0,0251;0,0502;0,0251;0,0502;0,0126;0,0377;0,0126;0,0126;0,0126;0,0251;0,0126;0,0251;0,0126;0,0126;0,0126;0,0126;0;0,0126;0;0;0;0;0;0;0;237,34;0,0502;0,226;0,0502;3,8297;0,0502;1,783;0,0377;0,2009;0,0377;0,3014;0,0377;0,0377;0,0251;0,1256;0,0377;0,113;0,0502;0,3265;0,0251;0,1381;0,0251;0,0502;0,0251;0,0628;0,0251;0,113;0,0251;0,0628;0,0126;0,0251;0,0126;0,0126;0,0126;0,0628;0,0126;0,0251;0,0126;0,0126;0,0126;0,0251;0,0126;0,0251;0,0126;0,0126;0,0126;0,0126;0;0;0;236,95;0,0753;0,4395;0,1381;3,6163;0,0753;1,8458;0,1005;0,2511;0,0628;0,3139;0,0377;0,1632;0,0377;0,1256;0,0251;0,2135;0,0251;0,0879;0,0251;0,3139;0,0126;0,1005;0,0251;0,0628;0,0251;0,1005;0,0251;0,1005;0,0126;0,0502;0,0126;0,0251;0,0126;0,0753;0,0126;0,0377;0,0126;0,0251;0,0126;0,0251;0,0126;0,0126;0,0126;0,0126;0,0126;0,0126;0;0;0
;;   ;   ;   ;   ;   ;17.10.2019;23:50:00.191;1,69;1,66;1,6;236,58;0,0251;0,3516;0,0502;3,4533;0,0628;1,871;0,0251;0,1632;0,0377;0,2009;0,0251;0,1005;0,0251;0,1256;0,0377;0,339;0,0251;0,2763;0,0251;0,1256;0,0251;0,0628;0,0126;0,0628;0,0251;0,0377;0,0251;0,0502;0,0126;0,0251;0,0126;0,0251;0,0126;0,0126;0,0126;0,0251;0,0126;0,0251;0,0126;0,0126;0;0,0126;0;0;0;0;0;0;0;237,43;0,0377;0,2386;0,0502;3,3779;0,0377;1,8962;0,0502;0,2009;0,0377;0,3139;0,0377;0,0502;0,0251;0,1758;0,0377;0,0753;0,0502;0,4018;0,0251;0,1632;0,0251;0,1381;0,0251;0,1256;0,0251;0,113;0,0251;0,0628;0,0126;0,0251;0,0126;0,0251;0,0126;0,0628;0,0126;0,0251;0,0126;0,0251;0,0126;0,0251;0,0126;0,0251;0,0126;0,0126;0;0,0126;0;0;0;237,11;0,0251;0,3767;0,0502;3,1268;0,0251;2,0092;0,0377;0,2135;0,0251;0,3642;0,0251;0,113;0,0251;0,1256;0,0377;0,2135;0,0251;0,1381;0,0251;0,3516;0,0251;0,1507;0,0251;0,1256;0,0251;0,1005;0,0251;0,1005;0,0126;0,0502;0,0126;0,0251;0,0126;0,0628;0,0126;0,0377;0,0126;0,0251;0,0126;0,0251;0,0126;0,0126;0,0126;0,0126;0,0126;0,0126;0,0126;0,0126;0,0126
;;   ;   ;   ;   ;   ;18.10.2019;00:00:00.150;1,68;1,67;1,59;236,74;0,0251;0,3516;0,0377;3,4285;0,0628;1,8712;0,0377;0,1758;0,0377;0,2261;0,0251;0,1005;0,0251;0,113;0,0502;0,314;0,0377;0,2763;0,0251;0,1256;0,0251;0,0502;0,0251;0,0754;0,0251;0,0377;0,0251;0,0628;0,0126;0,0377;0,0126;0,0251;0,0126;0,0126;0,0126;0,0251;0,0126;0,0126;0,0126;0,0126;0;0,0126;0;0;0;0,0126;0;0;0;237,46;0,0754;0,2135;0,0502;3,3908;0,0628;1,8964;0,0502;0,1884;0,0502;0,3391;0,0502;0,0628;0,0251;0,1884;0,0502;0,0502;0,0377;0,4396;0,0251;0,1884;0,0251;0,1381;0,0251;0,1381;0,0251;0,113;0,0251;0,0628;0,0126;0,0251;0,0126;0,0251;0,0126;0,0628;0,0126;0,0251;0,0126;0,0251;0,0126;0,0251;0,0126;0,0251;0,0126;0,0126;0;0,0126;0;0;0;237,23;0,0251;0,3516;0,0628;3,0894;0,0251;2,0219;0,0377;0,2009;0,0251;0,3768;0,0251;0,113;0,0251;0,0879;0,0251;0,2135;0,0251;0,1758;0,0251;0,314;0,0251;0,1633;0,0251;0,0879;0,0251;0,0879;0,0251;0,1005;0,0126;0,0377;0,0126;0,0126;0,0126;0,0628;0,0126;0,0377;0,0126;0,0126;0,0126;0,0251;0,0126;0,0126;0,0126;0,0126;0;0,0126;0;0,0126;0
;;   ;   ;   ;   ;   ;18.10.2019;00:10:00.129;1,66;1,64;1,52;237,05;0,0252;0,3397;0,0503;3,4476;0,0629;1,7615;0,0252;0,1887;0,0377;0,2013;0,0252;0,0881;0,0252;0,1258;0,0377;0,2516;0,0377;0,3271;0,0252;0,1007;0,0252;0,0377;0,0126;0,0503;0,0252;0,0377;0,0252;0,0629;0,0126;0,0252;0,0126;0,0252;0,0126;0,0126;0,0126;0,0252;0,0126;0,0126;0,0126;0,0126;0;0,0252;0;0;0;0;0;0,0126;0;237,89;0,0377;0,2894;0,0377;3,4098;0,0377;1,7364;0,0503;0,2516;0,0377;0,3271;0,0252;0,0503;0,0252;0,1762;0,0377;0,0629;0,0377;0,4781;0,0377;0,1887;0,0252;0,151;0,0252;0,1132;0,0252;0,1132;0,0252;0,0629;0,0126;0,0252;0,0126;0,0252;0,0126;0,0503;0,0126;0,0252;0,0126;0,0252;0,0126;0,0252;0;0,0252;0,0126;0,0126;0;0,0126;0;0,0126;0;237,52;0,0252;0,3523;0,0629;3,0575;0,0252;1,7615;0,0377;0,2265;0,0252;0,3271;0,0252;0,1258;0,0252;0,1258;0,0252;0,2013;0,0252;0,2265;0,0252;0,3649;0,0126;0,1384;0,0252;0,0755;0,0252;0,0755;0,0126;0,1007;0,0126;0,0252;0,0126;0,0126;0,0126;0,0629;0,0126;0,0377;0,0126;0,0252;0,0126;0,0252;0;0,0126;0,0126;0,0126;0;0,0126;0;0,0126;0
;;   ;   ;   ;   ;   ;18.10.2019;00:20:00.121;1,75;1,71;1,59;237,45;0,0252;0,3783;0,0378;3,6692;0,063;1,8283;0,0252;0,1765;0,0378;0,2774;0,0252;0,0504;0,0252;0,1387;0,0504;0,3026;0,0378;0,2774;0,0252;0,1009;0,0252;0,063;0,0252;0,0504;0,0252;0,0378;0,0252;0,0504;0,0126;0,0252;0,0126;0,0126;0,0126;0,0252;0,0126;0,0252;0,0126;0,0126;0,0126;0,0126;0;0,0126;0;0;0;0,0126;0;0,0126;0;238,37;0,0378;0,2774;0,0504;3,5809;0,0378;1,7778;0,0504;0,2774;0,0378;0,3783;0,0378;0,0504;0,0252;0,1135;0,0378;0,0504;0,0378;0,4161;0,0252;0,2017;0,0252;0,1261;0,0252;0,1639;0,0252;0,1009;0,0252;0,063;0,0126;0,0252;0,0126;0,0378;0,0126;0,0378;0,0126;0,0252;0,0126;0,0126;0,0126;0,0252;0;0,0252;0,0126;0,0126;0;0,0126;0;0,0126;0;238,03;0,0252;0,353;0,063;3,2405;0,0252;1,8157;0,0378;0,2396;0,0252;0,3657;0,0252;0,1387;0,0252;0,1261;0,0252;0,2017;0,0252;0,2144;0,0252;0,3657;0,0252;0,1009;0,0252;0,1135;0,0252;0,063;0,0252;0,0757;0,0126;0,0252;0,0126;0,0252;0,0126;0,063;0,0126;0,0378;0,0126;0,0252;0,0126;0,0252;0,0126;0,0126;0,0126;0,0126;0;0,0252;0;0,0126;0
;;   ;   ;   ;   ;   ;18.10.2019;00:30:00.115;1,81;1,73;1,64;236,93;0,0252;0,4026;0,0503;3,7748;0,0629;1,9;0,0252;0,1762;0,0377;0,2894;0,0252;0,0755;0,0377;0,1636;0,0503;0,3146;0,0252;0,2517;0,0252;0,0629;0,0252;0,0629;0,0252;0,0377;0,0252;0,0377;0,0252;0,0377;0,0126;0,0252;0,0126;0,0126;0,0126;0,0252;0,0126;0,0252;0,0126;0,0252;0,0126;0,0126;0;0,0126;0;0;0;0,0126;0;0,0126;0;237,9;0,0503;0,2517;0,0503;3,6364;0,0377;1,8119;0,0503;0,2768;0,0377;0,3397;0,0377;0,1007;0,0252;0,0881;0,0377;0,0629;0,0377;0,3397;0,0252;0,2265;0,0252;0,0755;0,0252;0,1384;0,0252;0,1132;0,0252;0,0503;0,0126;0,0126;0,0126;0,0503;0,0126;0,0377;0,0126;0,0252;0,0126;0,0126;0,0126;0,0252;0;0,0252;0,0126;0,0126;0;0,0126;0;0,0126;0;237,47;0,0252;0,3271;0,0629;3,3218;0,0252;1,8874;0,0377;0,2265;0,0252;0,3523;0,0252;0,1762;0,0252;0,1132;0,0252;0,2013;0,0252;0,2013;0,0252;0,3271;0,0252;0,0629;0,0252;0,0629;0,0252;0,0629;0,0252;0,0629;0,0126;0,0377;0,0126;0,0126;0,0126;0,0629;0,0126;0,0377;0,0126;0,0126;0,0126;0,0252;0,0126;0,0126;0,0126;0,0126;0;0,0252;0;0,0126;0
;;   ;   ;   ;   ;   ;18.10.2019;00:40:00.043;1,89;1,82;1,7;234,23;0,0249;0,4228;0,0373;4,0044;0,0622;1,7784;0,0249;0,2114;0,0373;0,199;0,0249;0,0995;0,0373;0,1368;0,0497;0,286;0,0249;0,199;0,0373;0,1119;0,0249;0,0622;0,0249;0,0249;0,0249;0,0373;0,0249;0,0497;0,0124;0,0249;0,0124;0,0124;0,0124;0,0249;0,0124;0,0249;0,0124;0,0124;0,0124;0,0124;0;0,0124;0;0;0;0,0124;0;0,0124;0;235,07;0,0373;0,2487;0,0497;3,8801;0,0373;1,6664;0,0497;0,286;0,0373;0,2985;0,0373;0,1244;0,0249;0,1119;0,0373;0,0622;0,0373;0,3855;0,0249;0,1741;0,0249;0,0622;0,0249;0,1244;0,0249;0,0995;0,0249;0,0497;0,0124;0,0124;0,0124;0,0373;0,0124;0,0497;0,0124;0,0373;0,0124;0,0124;0,0124;0,0249;0;0,0249;0;0,0124;0;0,0124;0;0,0124;0;234,45;0,0249;0,3109;0,0622;3,5443;0,0249;1,7286;0,0373;0,1741;0,0373;0,3109;0,0249;0,1492;0,0249;0,1244;0,0373;0,1741;0,0249;0,1492;0,0249;0,2239;0,0249;0,0622;0,0124;0,0497;0,0249;0,0497;0,0249;0,0622;0,0124;0,0249;0,0124;0,0124;0,0124;0,0497;0,0124;0,0373;0,0124;0,0124;0,0124;0,0124;0,0124;0,0124;0,0124;0,0124;0;0,0124;0;0,0124;0,0124
;;   ;   ;   ;   ;   ;18.10.2019;00:50:00.042;1,8;1,76;1,64;233,5;0,0248;0,4214;0,0496;3,7432;0,062;1,822;0,0372;0,2231;0,0372;0,1116;0,0248;0,0868;0,0248;0,1116;0,0496;0,3099;0,0248;0,2231;0,0372;0,0868;0,0124;0,1116;0,0248;0,0372;0,0248;0,0496;0,0248;0,062;0,0124;0,0248;0,0124;0,0124;0,0124;0,0248;0,0124;0,0248;0,0124;0,0124;0;0,0124;0;0,0124;0;0;0;0;0;0;0;234,27;0,0372;0,2231;0,0372;3,6936;0,0496;1,7105;0,0496;0,2479;0,0372;0,2355;0,0372;0,062;0,0248;0,1239;0,0372;0,0992;0,0496;0,3718;0,0248;0,1239;0,0124;0,1116;0,0248;0,0992;0,0248;0,1116;0,0248;0,062;0,0124;0,0124;0,0124;0,0248;0,0124;0,0496;0,0124;0,0496;0,0124;0,0124;0,0124;0,0248;0;0,0248;0;0,0124;0;0,0124;0;0,0124;0;233,71;0,0248;0,2851;0,062;3,3342;0,0124;1,7972;0,0372;0,1611;0,0372;0,2851;0,0248;0,0992;0,0248;0,0992;0,0248;0,1487;0,0248;0,1611;0,0248;0,2355;0,0248;0,0992;0,0124;0,062;0,0248;0,0744;0,0248;0,062;0,0124;0,0248;0,0124;0,0124;0,0124;0,0496;0,0124;0,0372;0,0124;0,0124;0,0124;0,0124;0,0124;0,0124;0,0124;0,0124;0;0,0124;0;0,0124;0
;;   ;   ;   ;   ;   ;18.10.2019;01:00:00.091;1,82;1,77;1,65;233,59;0,0248;0,4338;0,0496;3,7929;0,062;1,7973;0,0248;0,1983;0,0372;0,1487;0,0248;0,1116;0,0248;0,0868;0,0496;0,2851;0,0248;0,1983;0,0372;0,0744;0,0248;0,0868;0,0248;0,0124;0,0248;0,0372;0,0248;0,0496;0,0124;0,0248;0,0124;0,0124;0,0124;0,0124;0,0124;0,0248;0,0124;0,0124;0,0124;0,0124;0;0,0124;0;0;0;0;0;0;0;234,35;0,0372;0,2355;0,0496;3,7061;0,0372;1,7477;0,0496;0,2603;0,0372;0,2851;0,0372;0,062;0,0248;0,0992;0,0372;0,0868;0,0372;0,3347;0,0248;0,0992;0,0248;0,0868;0,0248;0,0868;0,0248;0,1116;0,0248;0,062;0,0124;0,0124;0,0124;0,0248;0,0124;0,0496;0,0124;0,0496;0,0124;0,0124;0,0124;0,0248;0;0,0248;0;0,0124;0;0,0124;0;0;0;233,73;0,0248;0,2975;0,062;3,3715;0,0248;1,7973;0,0372;0,1611;0,0372;0,3099;0,0248;0,1116;0,0248;0,0868;0,0248;0,1487;0,0248;0,1487;0,0248;0,2355;0,0248;0,0744;0,0124;0,0372;0,0248;0,0744;0,0248;0,062;0,0124;0,0248;0,0124;0,0124;0,0124;0,0496;0,0124;0,0372;0,0124;0,0124;0,0124;0,0124;0,0124;0,0124;0,0124;0,0124;0;0,0124;0;0,0124;0
;;   ;   ;   ;   ;   ;18.10.2019;01:10:00.079;1,81;1,76;1,65;234,18;0,0248;0,4223;0,0373;3,7762;0,0621;1,8135;0,0248;0,2112;0,0373;0,1491;0,0248;0,0994;0,0248;0,087;0,0497;0,2236;0,0248;0,0994;0,0373;0,1491;0,0124;0,0994;0,0124;0,0124;0,0248;0,0373;0,0248;0,0497;0,0124;0,0248;0,0124;0,0124;0,0124;0,0248;0,0124;0,0248;0,0124;0,0124;0,0124;0,0124;0;0,0124;0;0;0;0;0;0;0;234,87;0,0497;0,2484;0,0373;3,7016;0,0497;1,739;0,0497;0,2609;0,0373;0,2857;0,0373;0,0745;0,0248;0,1118;0,0373;0,0745;0,0497;0,3105;0,0248;0,0994;0,0248;0,0621;0,0248;0,0745;0,0248;0,087;0,0248;0,0497;0,0124;0,0124;0,0124;0,0124;0,0124;0,0497;0,0124;0,0373;0,0124;0,0124;0,0124;0,0248;0;0,0248;0;0,0124;0;0,0124;0;0,0124;0;234,25;0,0248;0,2609;0,0621;3,3414;0,0248;1,8384;0,0373;0,1615;0,0373;0,3105;0,0248;0,1118;0,0248;0,087;0,0373;0,1118;0,0248;0,1366;0,0248;0,1739;0,0248;0,0994;0,0124;0,0621;0,0248;0,0621;0,0248;0,0621;0,0124;0,0373;0,0124;0,0124;0,0124;0,0497;0,0124;0,0373;0,0124;0,0124;0,0124;0,0124;0,0124;0,0124;0,0124;0,0124;0;0,0124;0;0,0124;0
;;   ;   ;   ;   ;   ;18.10.2019;01:20:00.037;1,83;1,78;1,67;234,61;0,0249;0,4601;0,0497;3,83;0,0622;1,8155;0,0373;0,1741;0,0373;0,1243;0,0249;0,1368;0,0249;0,1119;0,0373;0,3109;0,0249;0,2238;0,0373;0,1368;0,0124;0,0995;0,0124;0,0249;0,0249;0,0497;0,0124;0,0622;0,0124;0,0249;0,0124;0,0124;0,0124;0,0249;0,0124;0,0249;0,0124;0,0124;0;0;0;0,0124;0;0;0;0;0;0;0;235,14;0,0373;0,2611;0,0497;3,7429;0,0497;1,7285;0,0497;0,286;0,0497;0,2611;0,0373;0,1119;0,0249;0,1243;0,0497;0,0746;0,0497;0,3233;0,0249;0,1492;0,0124;0,0373;0,0249;0,0622;0,0249;0,087;0,0249;0,0622;0,0124;0,0124;0,0124;0,0249;0,0124;0,0497;0,0124;0,0373;0,0124;0,0124;0,0124;0,0249;0;0,0249;0;0,0124;0;0,0124;0;0,0124;0;234,52;0,0249;0,2611;0,0497;3,4196;0,0249;1,8279;0,0373;0,1368;0,0373;0,3109;0,0249;0,1368;0,0249;0,0746;0,0373;0,1617;0,0249;0,1368;0,0249;0,1741;0,0249;0,0746;0,0124;0,0373;0,0249;0,0497;0,0249;0,0622;0,0124;0,0373;0,0124;0,0124;0,0124;0,0497;0,0124;0,0373;0,0124;0,0124;0,0124;0;0,0124;0,0124;0,0124;0,0124;0;0,0124;0;0,0124;0
